name,category,original_price,discounted_price,discount_percentage,platform
Vaseline Healthy Bright​ Gluta & Peptide Serum Lotion Overnight 200ml Multipack isi 3,Body Lotion,Rp299.700,Rp182.100,39%,www.tokopedia.com
Vaseline Healthy Bright​ Gluta & Peptide Serum Lotion Overnight 330ml Multipack isi 3,Body Lotion,Rp407.700,Rp260.300,36%,www.tokopedia.com
Vaseline Healthy Bright​ Gluta & Peptide Serum Lotion Overnight 330ml Multipack isi 6,Body Lotion,Rp815.400,Rp498.800,39%,www.tokopedia.com
Vaseline Healthy Bright​ Gluta & Peptide Serum Lotion Overnight 330ml Multipack isi 4,Body Lotion,Rp543.600,Rp332.600,39%,www.tokopedia.com
Vaseline Healthy Bright​ Gluta & Peptide Serum Lotion Overnight 200ml Multipack isi 6,Body Lotion,Rp599.400,Rp364.200,39%,www.tokopedia.com
Pond's UV Protect Sunserum SPF50 7.5g isi 2 FREE Ponds Bright Whip 100g,Sunblock wajah,Rp173.800,Rp102.600,41%,www.tokopedia.com
Vaseline Healthy Bright 180ml isi 2 FREE Vaseline Soft Glow 100ml,Body Lotion,Rp177.800,Rp91.100,49%,www.tokopedia.com
Pond's Bright Miracle Facial Foam 200g isi 2 FREE Vaseline Soft Glow 100ml,Cleanser Wajah,Rp205.800,Rp117.000,43%,www.tokopedia.com
Pond's Sunserum SPF50 Bottle 30g FREE Ponds Bright Serum Uclar 14g,Serum Wajah,Rp210.900,Rp121.300,42%,www.tokopedia.com
FREE Jersey Lifebuoy x FIFA,Hampers,Rp10.000.000,Rp10.000.000,N/A,www.tokopedia.com
Vaseline Healthy Bright Dewy Radiance 200ml isi 3 FREE Shopatvelvet Bag,Body Lotion,Rp337.700,Rp160.700,52%,www.tokopedia.com
FREE Cover Baju Resleting,Teh,Rp10.000.000,Rp10.000.000,N/A,www.tokopedia.com
FREE Pembersih Kaca Portable,Teh,Rp10.000.000,Rp10.000.000,N/A,www.tokopedia.com
Rinso Molto Detergen Bubuk Japanese Peach 770g FREE Cover Baju,Pewangi Pelembut Pakaian,Rp57.900,Rp16.600,71%,www.tokopedia.com
FREE Wireless Vacum 2 in 1,Teh,Rp10.000.000,Rp10.000.000,N/A,www.tokopedia.com
Rinso Matic Deterjen Cair Bukaan Depan 1.45L FREE Wireless Vacuum 2 in 1,Pewangi Pelembut Pakaian,Rp130.900,Rp63.300,52%,www.tokopedia.com
FREE Kemoceng Panjang Portabel,Kemoceng,Rp10.000.000,Rp10.000.000,N/A,www.tokopedia.com
Sunlight Sabun Cuci Piring Jeruk Nipis Refill 1600ml isi 2 FREE Rak Wastafel,Sabun Cuci Piring,Rp98.800,Rp43.600,56%,www.tokopedia.com
Lifebuoy Sabun Cuci Piring Refill 680ml isi 3 FREE Rak Wastafel,Sabun Cuci Piring,Rp70.700,Rp25.400,64%,www.tokopedia.com
FREE Travel Bottle Set,Teh,Rp10.000.000,Rp10.000.000,N/A,www.tokopedia.com
Dove Deodorant Serum Roll On 3% Niacinamide + 10x Collagen Pink 45ml,Deodorant,Rp39.900,Rp25.000,37%,www.tokopedia.com
Lifebuoy Handwash Pouch Mild Care 180 ml isi 2 FREE Bottle 200 ml,Sabun Cuci Tangan,Rp59.800,Rp25.000,58%,www.tokopedia.com
Lifebuoy Handwash Pouch Total 10 180ml isi 2 FREE Bottle 200ml,Sabun Cuci Tangan,Rp59.800,Rp25.000,58%,www.tokopedia.com
Dove Deo Serum 3% Niacin + 10x Omega6 isi 2 FREE Vaseline Soft Glow,Deodorant,Rp62.900,Rp47.100,25%,www.tokopedia.com
Dove Deo Serum 3% Niacin + 10x Vitamin C&E isi 2 FREE Vaseline Soft Glow,Deodorant,Rp62.900,Rp47.100,25%,www.tokopedia.com
Dove Deo Serum 3% Niacin + 10x Collagen isi 2 FREE Vaseline Soft Glow,Deodorant,Rp62.900,Rp47.100,25%,www.tokopedia.com
Buy 1 Molto Perfume Beads Fresh Blossom Perfume Booster 200G FREE Molto Pink 250ml,Pewangi Pelembut Pakaian,Rp89.900,Rp46.500,48%,www.tokopedia.com
Buy 1 Molto Perfume Beads Fresh Blossom Perfume Booster 200G FREE Molto Pure 135ml,Pewangi Pelembut Pakaian,Rp89.900,Rp46.500,48%,www.tokopedia.com
Rinso Japanese Peach Liquid 360ml isi 4,Deterjen Laundry,Rp55.600,Rp34.400,38%,www.tokopedia.com
Rinso Japanese Peach Liquid 360ml isi 3,Deterjen Laundry,Rp41.700,Rp41.700,N/A,www.tokopedia.com
Cif Pembersih Serbaguna Original Botol 660g FREE Handuk Microfiber,Pembersih Toilet,Rp59.900,Rp36.100,40%,www.tokopedia.com
Cif Pembersih Serbaguna Original Botol 660g FREE Sponge 3M,Pembersih Toilet,Rp89.900,Rp36.100,60%,www.tokopedia.com
Cif Pembersih Serbaguna Lemon Botol 660g FREE Handuk Microfiber,Pembersih Toilet,Rp59.900,Rp36.100,40%,www.tokopedia.com
Cif Pembersih Serbaguna Lemon Botol 660g FREE Sikat Nagata,Pembersih Toilet,Rp54.900,Rp36.100,34%,www.tokopedia.com
Cif Pembersih Serbaguna Original Botol 660g FREE Sikat Nagata,Pembersih Toilet,Rp54.900,Rp36.100,34%,www.tokopedia.com
FREE Hijab Buttonscarves,Hijab Segi Empat,Rp10.000.000,Rp10.000.000,N/A,www.tokopedia.com
Toilet brush Nagata-CIF,Pashmina,Rp10.000.000,Rp10.000.000,N/A,www.tokopedia.com
FREE Pepsodent Mouthwash Active Def 300ml,Pashmina,Rp10.000.000,Rp10.000.000,N/A,www.tokopedia.com
CIF Cream Pembersih Serbaguna Lemon Botol 660 g,Pembersih Toilet,Rp54.900,Rp37.400,32%,www.tokopedia.com
CIF Cream Pembersih Serbaguna Original Botol 660 g,Pembersih Toilet,Rp54.900,Rp37.400,32%,www.tokopedia.com
TRESEMME KER SMOOTH SHINE SERUM R 97ML FREE,Vitamin & Serum Rambut,Rp10.000.000,Rp10.000.000,N/A,www.tokopedia.com
SARIWANGI TB ASLI Isi 30 pcs (1.85G) FREE,Hampers,Rp10.000.000,Rp10.000.000,N/A,www.tokopedia.com
FREE Sapu Lantai Otomatis GM Bear,Sapu,Rp10.000.000,Rp10.000.000,N/A,www.tokopedia.com
Closeup Toothpaste Pasta Gigi Mentol Fresh 160G isi 3,Pasta Gigi,Rp83.700,Rp56.200,33%,www.tokopedia.com
Closeup Toothpaste Pasta Gigi Mentol Fresh 160G Twinpack,Pasta Gigi,Rp55.800,Rp37.500,33%,www.tokopedia.com
Baby Dove Hair to Toe Wash Rich Moisture Refill 220ml Twin Pack,Shampoo & Sabun Bayi,Rp131.800,Rp94.000,29%,www.tokopedia.com
Baby Dove Sensitive Moisture Baby Lotion 200ml Twin Pack,Shampoo & Sabun Bayi,Rp185.800,Rp134.000,28%,www.tokopedia.com
Baby Dove Hair to Toe Wash Sensitive Moisture 200ml Twin Pack,Shampoo & Sabun Bayi,Rp173.800,Rp124.000,29%,www.tokopedia.com
St Ives Body Wash Purifying Sea Salt and Pacific Kelp 473ml Twin Pack,Scrub Wajah,Rp243.800,Rp175.000,28%,www.tokopedia.com
Baby Dove Hair to Toe Wash Sensitive Moisture 1L Twin Pack,Shampoo & Sabun Bayi,Rp685.800,Rp494.000,28%,www.tokopedia.com
Sunlight Power Spray 300ml isi 2 FREE Food Storage,Sabun Cuci Piring,Rp113.800,Rp50.400,56%,www.tokopedia.com
Vaseline Healthy Bright Serum Overnight 330ml isi 2 Free Food Storage,Body Lotion,Rp233.800,Rp161.400,31%,www.tokopedia.com
Love Beauty&Planet Body Mist Lavender&Vanilla 100ml Free Food Storage,Sabun Mandi,Rp119.900,Rp80.500,33%,www.tokopedia.com
Lifebuoy Sabun Cuci Piring Refill 1500ml isi 2 Free 5 pcs Molto Pink,Sabun Mandi,Rp59.800,Rp36.800,38%,www.tokopedia.com
[Buy 1 Get 1] Lifebuoy Sabun Mandi Lemon Fresh 825ml Pouch,Sabun Mandi,Rp89.900,Rp56.600,37%,www.tokopedia.com
[Buy 1 Get 1] Lifebuoy Sabun Mandi Mild Care 825ml Pouch,Sabun Mandi,Rp89.900,Rp56.600,37%,www.tokopedia.com
Sunlight Power Spray 300 ml Isi 3 FREE Hydroflask Tumblr [Mystery Box],Sabun Cuci Piring,Rp545.700,Rp75.600,86%,www.tokopedia.com
Sunlight Power Spray 300 ml Twinpack FREE Oven Listrik [Mystery Box],Sabun Cuci Piring,Rp95.800,Rp50.400,47%,www.tokopedia.com
Royco Kaldu Sapi 220gr dan Bango Manis 735ml Free Voucher VIU,Kaldu & Penyedap Rasa,Rp81.800,Rp40.200,51%,www.tokopedia.com
Royco Kaldu Ayam 220gr 3pcs Free Voucher VIU,Kaldu & Penyedap Rasa,Rp64.700,Rp28.600,56%,www.tokopedia.com
Vixal Kuat Segar Pouch 600ml Isi 6,Karbol,Rp125.400,Rp84.500,33%,www.tokopedia.com
Vixal Kuat Segar Pouch 600ml,Pembersih Toilet,Rp20.900,Rp14.400,31%,www.tokopedia.com
Vixal Kuat Segar Pouch 600ml Isi 4,Pembersih Toilet,Rp83.600,Rp56.400,33%,www.tokopedia.com
Vixal Kuat Segar Pouch 600ml Twin Pack,Pembersih Toilet,Rp41.800,Rp28.200,33%,www.tokopedia.com
Vixal Kuat Segar Pouch 180ml,Karbol,Rp6.900,Rp4.600,33%,www.tokopedia.com
Vixal Kuat Segar Pouch 180ml Isi 6,Karbol,Rp41.400,Rp28.300,32%,www.tokopedia.com
Paket Vixal Kuat Segar 600ml&Sunlight Extra Lembut 650ml Get Cannister,Karbol,Rp83.600,Rp55.300,34%,www.tokopedia.com
Vixal Kuat Segar Pouch 180ml Isi 4,Karbol,Rp27.600,Rp17.500,37%,www.tokopedia.com
Vixal Kuat Segar Pouch 600ml & Wipol Karbol Cemara 750ml FREE Botol,Karbol,Rp53.800,Rp31.300,42%,www.tokopedia.com
Ponds Men UV Protect Sunscreen 30g,Sunblock wajah,Rp61.900,Rp42.400,32%,www.tokopedia.com
Molto Pelembut & Pewangi All in 1 Blis 1.6L Isi 6,Pewangi Pelembut Pakaian,Rp503.400,Rp333.500,34%,www.tokopedia.com
Rinso Molto Detergent Deterjen Cair Rose Fresh 1.65L Isi 6,Deterjen Laundry,Rp419.400,Rp263.800,37%,www.tokopedia.com
Sunlight Sabun Cuci Piring Jeruk Nipis Refill 210ml Isi 6,Sabun Cuci Piring,Rp41.400,Rp24.200,42%,www.tokopedia.com
Rinso Molto Deterjen Bubuk Perfume Essence 1.8Kg Isi 6,Deterjen Laundry,Rp503.400,Rp316.800,37%,www.tokopedia.com
Molto Pewangi Floral Bliss 820ml Isi 6,Pewangi Pelembut Pakaian,Rp131.400,Rp85.700,35%,www.tokopedia.com
Lifebuoy Sabun Cuci Piring Refill 680ml Isi 6,Sabun Cuci Piring,Rp89.400,Rp51.700,42%,www.tokopedia.com
Rinso Molto Detergen Deterjen Bubuk Anti Noda Rose Fresh 1.8Kg Isi 6,Deterjen Laundry,Rp503.400,Rp316.800,37%,www.tokopedia.com
Rinso Matic Deterjen Bubuk Bukaan Depan 1.8Kg Isi 6,Deterjen Laundry,Rp695.400,Rp438.900,37%,www.tokopedia.com
Royco Bumbu Kaldu Ayam 100G Isi 6,Kaldu & Penyedap Rasa,Rp47.400,Rp29.300,38%,www.tokopedia.com
Royco Bumbu Kaldu Ayam 100G Isi 4,Kaldu & Penyedap Rasa,Rp31.600,Rp19.600,38%,www.tokopedia.com
FREE Molto Pure 1L,Pewangi Pelembut Pakaian,Rp10.000.000,Rp10.000.000,N/A,www.tokopedia.com
[NOT FOR SALE] Gift Molto Pure 135ml,Pewangi Pelembut Pakaian,Rp100.000,Rp100.000,N/A,www.tokopedia.com
Free Clear Men Anti Dandruff Cool Sport Menthol 300Ml,Pasta Gigi,Rp10.000.000,Rp10.000.000,N/A,www.tokopedia.com
Free Molto Perfume Boost Himalayan Honeysuckle 650mL,Pasta Gigi,Rp10.000.000,Rp10.000.000,N/A,www.tokopedia.com
Free Dishwashing Bottle,Pasta Gigi,Rp10.000.000,Rp10.000.000,N/A,www.tokopedia.com
Free Vaseline Repairing Jelly Aloe Vera 50ml,Penghilang Bekas Luka,Rp10.000.000,Rp10.000.000,N/A,www.tokopedia.com
Free AXE DEO POCKET DARK TEMP BLST 8X3X17ML,Pasta Gigi,Rp10.000.000,Rp10.000.000,N/A,www.tokopedia.com
Set Alat Makan Bayi,Alat Makan Bayi,Rp10.000.000,Rp10.000.000,N/A,www.tokopedia.com
Kotak Bekal Anak,Kotak Makan,Rp10.000.000,Rp10.000.000,N/A,www.tokopedia.com
Set Sikat Silikon Botol Bayi,Sikat Cuci Botol,Rp10.000.000,Rp10.000.000,N/A,www.tokopedia.com
Lifebuoy Sabun Batang Total 10 Isi 4X60G isi 3,Sabun Mandi,Rp56.700,Rp34.400,39%,www.tokopedia.com
Lifebuoy Body Wash Sabun Mandi Cair Refill Cool Fresh 450Ml isi 3,Sabun Mandi,Rp110.700,Rp66.300,40%,www.tokopedia.com
Lux Botanicals Sabun Batang Multipack Soft Rose 3X110G Multipack,Sabun Mandi,Rp71.700,Rp47.200,34%,www.tokopedia.com
Ponds Clear Solutions Facial Foam 100G isi 3,Krim Wajah,Rp167.700,Rp124.800,26%,www.tokopedia.com
Vaseline Repairing Petroleum Jelly Lotion Original Pure 100Ml isi 3,Penghilang Bekas Luka,Rp218.700,Rp136.900,37%,www.tokopedia.com
Sunsilk Shampoo Black Shine 900ml isi 3,Shampoo,Rp383.700,Rp277.100,28%,www.tokopedia.com
Lifebuoy Sabun Batang Lemon Fresh Isi 4X110G Multipack,Sabun Mandi,Rp89.700,Rp54.500,39%,www.tokopedia.com
Vaseline Lip Care Pelembut & Pencerah Bibir Rosy Tinted 10g isi 3,Lip Cream,Rp143.700,Rp86.900,40%,www.tokopedia.com
Lifebuoy Sabun Batang Total 10 75G isi 3,Sabun Mandi,Rp20.700,Rp10.800,48%,www.tokopedia.com
Lifebuoy Shampoo Kuat & Berkilau 900ML isi 3,Shampoo,Rp290.700,Rp189.500,35%,www.tokopedia.com
Rinso Molto Detergent Cair Deterjen Anti Noda Perfume Essence 510 mL,Deterjen Laundry,Rp20.900,Rp12.500,40%,www.tokopedia.com
Sunlight Sabun Cuci Piring Extra Lembut 625mL Isi 6,Sabun Cuci Piring,Rp113.400,Rp78.800,31%,www.tokopedia.com
Sunlight Sabun Cuci Piring Extra Lembut 625mL Isi 4,Sabun Cuci Piring,Rp75.600,Rp52.500,31%,www.tokopedia.com
Kim Mingue Travel pouch,Jus,Rp10.000.000,Rp10.000.000,N/A,www.tokopedia.com
Buavita Apple 500ml FREE,Jus,Rp10.000.000,Rp10.000.000,N/A,www.tokopedia.com
BUAVITA Jus Buah Korean White Peach Minuman Kaya Vitamin C 245 Isi 6,Jus,Rp166.800,Rp56.700,66%,www.tokopedia.com
BUAVITA Jus Buah Korean White Peach Minuman Kaya Vitamin C 245 Isi 4,Jus,Rp112.200,Rp37.800,66%,www.tokopedia.com
BUAVITA Jus Buah Korean White Peach Minuman Kaya Vitamin C 245 Isi 3,Jus,Rp41.700,Rp28.400,32%,www.tokopedia.com
BUAVITA Jus Korean White Peach Minuman Kaya Vitamin C 245ml Twinpack,Jus,Rp27.800,Rp18.700,33%,www.tokopedia.com
Buy 2 Glow & Lovely Sunscreen 40gr Get 1 Glow & Lovely Facial Foam 50G,Sunblock wajah,Rp109.800,Rp73.500,33%,www.tokopedia.com
Ponds Age Miracle Youthful Glow Day Cream Moisturizer 10G Twinpack,Krim Wajah,Rp109.800,Rp74.400,32%,www.tokopedia.com
Vaseline All Day Radiant Long Lasting Fragrance 180ML Twinpack,Body Lotion,Rp105.800,Rp64.100,39%,www.tokopedia.com
TRESEMME SCALP CARE SHAMPOO 850ML Twinpack,Shampoo,Rp319.800,Rp224.500,30%,www.tokopedia.com
Rexona Men Deodorant Anti-Perspirant Recharge Roll On 45Ml Twinpack,Deodorant,Rp57.800,Rp38.200,34%,www.tokopedia.com
Love Beauty & Planet Rice Oil & Sakura Glow Body Serum 185 ml Twinpack,Jus,Rp249.800,Rp89.900,64%,www.tokopedia.com
Tresemme Root Touch Up Spray Dark Brown 70.8g​ Twinpack,Produk Styling Rambut,Rp499.800,Rp342.400,31%,www.tokopedia.com
Love Beauty&Planet Rice Oil&Angelica Soft & Nourish Shampoo 380m Isi 2,Jus,Rp281.800,Rp192.900,32%,www.tokopedia.com
Ponds Age Miracle Retinol Peptid&Collagen Renew Essence 110Ml Twinpack,Serum Wajah,Rp553.800,Rp377.200,32%,www.tokopedia.com
Closeup Pasta Gigi Fresh Multivitamin Complete Fresh 160g Twinpack,Pasta Gigi,Rp63.800,Rp42.600,33%,www.tokopedia.com
Sunsilk Vitamin Hairmist 40Ml Twinpack,Jus,Rp53.800,Rp36.000,33%,www.tokopedia.com
Buavita Juice Jus Kemasan Rasa Buah Asli Jambu Guava 1000Ml Isi 6,Jus,Rp245.400,Rp164.300,33%,www.tokopedia.com
Buavita Juice Jus Kemasan Rasa Buah Asli Apel Apple 1000Ml Isi 6,Jus,Rp245.400,Rp164.300,33%,www.tokopedia.com
Buavita Juice Kemasan Orange 1L Isi 3,Jus,Rp122.700,Rp82.200,33%,www.tokopedia.com
Buavita Juice Jus Kemasan Rasa Buah Asli Jambu Guava 1000Ml Isi 3,Jus,Rp122.700,Rp82.200,33%,www.tokopedia.com
Buavita Juice Jus Kemasan Rasa Buah Asli Apel Apple 1000Ml Isi 3,Jus,Rp122.700,Rp82.200,33%,www.tokopedia.com
BUAVITA MINI JUICE JAMBU 125ML Isi 6,Jus,Rp41.400,Rp26.600,36%,www.tokopedia.com
Diabetasol Sweetener x Sariwangi,Teh,Rp10.000.000,Rp10.000.000,N/A,www.tokopedia.com
Vixal Pembersih Kamar Mandi Kuat Harum 470Ml Twinpack,Pembersih Toilet,Rp41.800,Rp27.200,35%,www.tokopedia.com
Dove Shampoo Anti Ketombe 290ml Twinpack,Shampoo,Rp133.800,Rp82.400,38%,www.tokopedia.com
Lifebuoy Shampoo Anti Dandruff 170Ml Twinpack,Shampoo,Rp75.800,Rp45.900,39%,www.tokopedia.com
Lifebuoy Sabun Batang Mild Care Isi 4 X 60G Twinpack,Sabun Mandi,Rp43.800,Rp22.500,49%,www.tokopedia.com
Tresemme Shampoo Keratin Smooth 850Ml Twinpack,Shampoo,Rp639.600,Rp224.500,65%,www.tokopedia.com
Pepsodent Sikat Gigi Double Care Sensitive 2Pc Twinpack,Sikat Gigi,Rp61.800,Rp38.800,37%,www.tokopedia.com
Dove SHAMPO Anti Rambut Rontok PERAWATAN RAMBUT RONTOK 1400ML Twinpack,Shampoo,Rp419.800,Rp260.600,38%,www.tokopedia.com
Zwitsal Baby Wipes Tissue Basah Rich Moisture 2 x 40 sheets Twinpack,Kapas & Tissue Bayi,Rp59.800,Rp36.600,39%,www.tokopedia.com
POND'S UV PROTECT SUN SERUM SPF50+ PA++++ UVA UVB SUNSCREEN 7.5G,Sunblock wajah,Rp76.900,Rp53.000,31%,www.tokopedia.com
Sunlight Sabun Cuci Piring Extra Lembut 625mL,Sabun Cuci Piring,Rp18.900,Rp10.000,47%,www.tokopedia.com
Lux Sabun Mandi Cair Magical Orchid 400ml FREE,Sabun Mandi,Rp10.000.000,Rp10.000.000,N/A,www.tokopedia.com
LUX Bluebell 580ml FREE,Hampers,Rp10.000.000,Rp10.000.000,N/A,www.tokopedia.com
Bango Kecap Manis Kemasan Pouch Refill 720gr Isi 6,Kecap,Rp215.400,Rp146.400,32%,www.tokopedia.com
Molto Softener Konsentrat Pelembut & Pewangi Pakaian Pure 650Ml Isi 3,Pewangi Pelembut Pakaian,Rp122.800,Rp82.000,33%,www.tokopedia.com
Sunlight Sabun Cuci Piring Cair Refill Extra Korean Strawbery 650ml x4,Sabun Cuci Piring,Rp75.600,Rp52.500,31%,www.tokopedia.com
Molto Pelembut & Pewangi Parfum Boost Japanese Peach 650mL Isi 4,Pewangi Pelembut Pakaian,Rp139.500,Rp88.600,36%,www.tokopedia.com
Molto Pelembut & Pewangi Parfum Boost Japanese Peach 650mL Isi 3,Pewangi Pelembut Pakaian,Rp104.700,Rp66.500,36%,www.tokopedia.com
Molto Pelembut & Pewangi Parfum Boost Casablanca Lily 650mL Isi 3,Pewangi Pelembut Pakaian,Rp104.700,Rp66.500,36%,www.tokopedia.com
Sunlight Sabun Cuci Piring Cair Refill Jeruk Nipis 650 mL x6,Sabun Cuci Piring,Rp125.400,Rp78.800,37%,www.tokopedia.com
Sunlight Sabun Cuci Piring Cair Refill Extra Korean Strawbery 650ml x3,Sabun Cuci Piring,Rp56.700,Rp39.400,31%,www.tokopedia.com
PONDS ROSE MICELLAR WATER 4X6X55ML (Free),Micellar Water,Rp10.000.000,Rp10.000.000,N/A,www.tokopedia.com
PONDS BRGHT BTY POWER SERUM 6X6X7.5G (Free),Hampers,Rp10.000.000,Rp10.000.000,N/A,www.tokopedia.com
LIFEBUOY Shampoo ANTI DandruffRefresh & Cool & Anti Gatal 155ML FREE,Shampoo,Rp10.000.000,Rp10.000.000,N/A,www.tokopedia.com
Molto Pelembut dan Pewangi Parfum Boost Casablanca Lily 650mL Twinpack,Pewangi Pelembut Pakaian,Rp56.600,Rp44.300,22%,www.tokopedia.com
Molto Pelembut dan Pewangi Parfum Boost Japanese Peach 650mL,Pewangi Pelembut Pakaian,Rp28.300,Rp22.600,20%,www.tokopedia.com
Molto Pelembut dan Pewangi Parfum Boost Casablanca Lily 650mL,Pewangi Pelembut Pakaian,Rp28.300,Rp22.600,20%,www.tokopedia.com
Molto Pelembut dan Pewangi Parfum Boost Himalayan Honeysuckle 650mL,Conditioner,Rp28.300,Rp22.600,20%,www.tokopedia.com
LIFEBUOY Shampoo Anti Ketombe Refresh & Cool & Anti Gatal 310ML,Shampoo,Rp65.900,Rp41.200,37%,www.tokopedia.com
LIFEBUOY Shampoo Anti Ketombe Refresh & Cool & Anti Gatal 155ML,Shampoo,Rp37.900,Rp23.600,38%,www.tokopedia.com
Vaseline Healthy Bright​ Gluta Hyaluron&Peptide Serum Overnight 330ml,Serum Wajah,Rp93.200,Rp85.600,8%,www.tokopedia.com
Vaseline Healthy Bright​ Gluta & Peptide Serum Lotion Overnight 200ml,Body Lotion,Rp71.700,Rp62.500,13%,www.tokopedia.com
Ponds Age Miracle Retinol Peptide & Collagen Renew Essence 110Ml,Serum Wajah,Rp221.100,Rp191.600,13%,www.tokopedia.com
Ponds Age Miracle Hyaluronic&Niacinamide Ultimate Hydra Essence 110Ml,Serum Wajah,Rp221.100,Rp191.600,13%,www.tokopedia.com
Citra Pearly Glow Facial Foam 50g,Cleanser Wajah,Rp58.100,Rp22.400,61%,www.tokopedia.com
Dove Shampoo Nutritive Solutions Total Hair Fall Treatment 70ml,Shampoo,Rp24.900,Rp15.600,37%,www.tokopedia.com
Rexona Women Antiperspirant Deo Hijab Peach & Mint Cool Roll On 45ml​,Deodorant,Rp35.900,Rp24.400,32%,www.tokopedia.com
Buavita Mini Juice Jeruk 125ml,Jus,Rp12.500,Rp4.500,64%,www.tokopedia.com
Citra Pearly Glow Facial Foam 100g,Cleanser Wajah,Rp42.800,Rp31.300,27%,www.tokopedia.com
Lifebuoy Sabun Cair Sabun Mandi Antiseptik Total 10 825ml Isi 2,Sabun Mandi,Rp114.900,Rp56.600,51%,www.tokopedia.com
Simple Waterboost Hydrating Gel Cream 50ml,Krim Wajah,Rp118.900,Rp85.500,28%,www.tokopedia.com
Lifebuoy Shampoo Kuat & Berkilau 900ML,Shampoo,Rp76.900,Rp63.500,17%,www.tokopedia.com
Citra Avocado Honey Body Lotion Nourishing Glow 110Ml,Body Lotion,Rp46.000,Rp13.500,71%,www.tokopedia.com
Wipol Pembersih Lantai Karbol Lemon Refill 200Ml,Karbol,Rp17.800,Rp4.800,73%,www.tokopedia.com
Minyak Goreng 1L,Hadiah Custom,Rp10.000.000,Rp10.000.000,N/A,www.tokopedia.com
Royco Saus Tiram 135ml Free,Hadiah Custom,Rp10.000.000,Rp10.000.000,N/A,www.tokopedia.com
Kaos Royco,Hadiah Custom,Rp10.000.000,Rp10.000.000,N/A,www.tokopedia.com
Hair Comb Tresemme,Hadiah Custom,Rp10.000.000,Rp10.000.000,N/A,www.tokopedia.com
Lifebuoy Sabun Batang Total 10 110G,Sabun Mandi,Rp9.900,Rp6.400,35%,www.tokopedia.com
[NOT FOR SALE] Pepsodent Mouthwash Active Defense 150Ml free,Obat kumur dan spray mulut,Rp100.000,Rp100.000,N/A,www.tokopedia.com
Pepsodent Pasta Gigi Action 123 Herbal 100g,Pasta Gigi,Rp12.500,Rp8.600,31%,www.tokopedia.com
Pepsodent Nanosoft Clean Sikat Gigi Medium Multipack Isi 2,Sikat Gigi,Rp30.900,Rp19.700,36%,www.tokopedia.com
Handuk LBP,Hadiah Custom,Rp100.000,Rp100.000,N/A,www.tokopedia.com
Dove Sabun Mandi Cair GENTLE EXFOLIATING Nourishing Body Wash 550ml,Sabun Mandi,Rp132.900,Rp95.200,28%,www.tokopedia.com
Vaseline Lip Therapy Rosy Lips 4.8G,Lip Balm & Oil,Rp40.900,Rp28.900,29%,www.tokopedia.com
Camay Soap Bar Natural 125gr,Sabun Mandi,Rp12.900,Rp9.000,30%,www.tokopedia.com
Superpell Pembersih Lantai Korean Strawberry 100ml,Pembersih Toilet,Rp2.200,Rp1.700,23%,www.tokopedia.com
Superpell Pembersih Lantai Korean Strawberry 770ml,Pembersih Toilet,Rp16.800,Rp10.600,37%,www.tokopedia.com
Sunlight Sabun Cuci Piring Cair Refill Extra Korean Strawberry 650 mL,Sabun Cuci Piring,Rp15.000,Rp12.500,17%,www.tokopedia.com
Molto Perfume Boost Pelembut & Pewangi Pakaian Korean Strawberry 680ml,Pewangi Pelembut Pakaian,Rp34.900,Rp14.400,59%,www.tokopedia.com
Rinso Molto Deterjen Bubuk Korean Strawberry Powder 700g,Deterjen Laundry,Rp32.300,Rp16.600,49%,www.tokopedia.com
Rinso Molto Deterjen Cair Korean Strawberry Liquid 510ml,Deterjen Laundry,Rp16.600,Rp7.900,52%,www.tokopedia.com
Vaseline Hijab Multi-Purpose Skin & Hair Light Dry Oil 85ml Twinpack,Stretchmark Cream,Rp244.400,Rp167.200,32%,www.tokopedia.com
Vaseline Hijab Bright Refreshing Body Serum SPF 20 PA++ 180ml Twinpack,Body Lotion,Rp81.100,Rp64.100,21%,www.tokopedia.com
PEPSODENT SIKAT GIGI BRILIAN SIKAT GIGI LEMBUT ISI 3,Sikat Gigi,Rp13.900,Rp8.500,39%,www.tokopedia.com
PEPSODENT SIKAT GIGI BRILIAN SIKAT GIGI LEMBUT,Sikat Gigi,Rp4.900,Rp2.900,41%,www.tokopedia.com
Clear Shampoo Complete Soft Care 660ml,Shampoo,Rp143.900,Rp99.600,31%,www.tokopedia.com
SuperPell Pembersih Lantai Pel Lantai Harum&Wangi Baby Lavender 770mL,Pembersih Toilet,Rp18.900,Rp13.300,30%,www.tokopedia.com
Baby Dove Hair to Toe Wash Sensitive Moisture 591ml,Shampoo & Sabun Bayi,Rp213.900,Rp154.000,28%,www.tokopedia.com
Baby Dove Hair to Toe Wash Rich Moisture 591ml,Shampoo & Sabun Bayi,Rp185.900,Rp134.000,28%,www.tokopedia.com
"Baby Dove Rich Moisture Set (Hair to Toe Wash 2x200ml, Nourishing Body Lotion 200ml)",Shampoo & Sabun Bayi,Rp67.900,Rp49.000,28%,www.tokopedia.com
Baby Dove Hair to Toe Wash Rich Moisture 200ml,Shampoo & Sabun Bayi,Rp73.900,Rp53.000,28%,www.tokopedia.com
Baby Dove Rich Moisture Nourishing Baby Lotion 200ml,Cream & Lotion Bayi,Rp84.900,Rp61.000,28%,www.tokopedia.com
Baby Dove Hair to Toe Wash Rich Moisture 400ml,Shampoo & Sabun Bayi,Rp129.900,Rp93.000,28%,www.tokopedia.com
Zwitsal Baby Bath Hair Body Sabun Mandi Shampo Bayi Aloe Vera 600Ml,Shampoo & Sabun Bayi,Rp70.900,Rp44.900,37%,www.tokopedia.com
Rinso Molto Detergen Bubuk Classic Fresh 380gr,Deterjen Laundry,Rp11.100,Rp8.200,26%,www.tokopedia.com
Lifebuoy Prefessional Sabun Cuci Tangan 4 L Jerigen,Sabun Cuci Tangan,Rp166.900,Rp115.400,31%,www.tokopedia.com
Vixal Professional Pembersih Kamar Mandi & Porselen 2 L Jerigen,Pembersih Toilet,Rp63.900,Rp43.900,31%,www.tokopedia.com
Rinso Matic Professional Deterjen Laundry Kiloan Cair 4.5L Jerigen,Deterjen Laundry,Rp80.600,Rp77.600,4%,www.tokopedia.com
Sunlight Professional Sabun Cuci Piring Jeruk Nipis Lime 4.5L Jerigen,Sabun Cuci Piring,Rp163.900,Rp88.900,46%,www.tokopedia.com
Vaseline Lip care Pelembut & Pencerah BIbir Original 10g,Lip Balm & Oil,Rp36.700,Rp29.800,19%,www.tokopedia.com
Vaseline Lip Balm Pelembab & Pencerah Bibir Rosy Tinted 10G Lip Care,Lip Balm & Oil,Rp36.700,Rp29.800,19%,www.tokopedia.com
Zwitsal Baby Wipes Tissue Basah Rich Moisture 2 x 40 sheets,Kapas & Tissue Bayi,Rp29.900,Rp18.800,37%,www.tokopedia.com
Zwitsal Baby Wipes Tissue Basah Sensitive 50 sheets,Kapas & Tissue Bayi,Rp26.900,Rp16.600,38%,www.tokopedia.com
Clear Men Shampoo Cool Sport Menthol 300Ml Twin Pack,Shampoo,Rp136.300,Rp105.400,23%,www.tokopedia.com
"Clear Men Shampoo Cool Sport Menthol 300Ml - Sampo Pria, Shampo Pria",Shampoo,Rp68.200,Rp53.600,21%,www.tokopedia.com
Wipol Karbol Lemon Pembersih Lantai Refill Pel Antiseptik 750Ml,Karbol,Rp26.900,Rp15.600,42%,www.tokopedia.com
Wipol Karbol Lemon Pembersih Lantai Refill 750ml Twin Pack,Karbol,Rp53.800,Rp35.700,34%,www.tokopedia.com
"SARIWANGI TEH CELUP HITAM ASLI 1.85G ISI 30 - TEH HITAM, BLACK TEA",Teh,Rp10.900,Rp7.600,30%,www.tokopedia.com
Sunsilk Hijab Shampoo Refresh And Anti Dandruff 300Ml - Hijab Shampo,Shampoo,Rp53.600,Rp46.000,14%,www.tokopedia.com
Sariwangi Teh Celup Tea Bag Asli Lebih Segar Dan Nikmat 30Pc Twin Pack,Teh,Rp21.800,Rp12.700,42%,www.tokopedia.com
Wipol Karbol Pembersih Lantai Cemara 750Ml isi 4,Karbol,Rp107.600,Rp71.300,34%,www.tokopedia.com
Lifebuoy Shampo Anti Ketombe Anti Dandruff Milknutristrong 900Ml,Shampoo,Rp76.900,Rp64.300,16%,www.tokopedia.com
Pepsodent Pasta Gigi Toothpaste 8 Multi Protection Anti Bakteri 150G,Pasta Gigi,Rp26.900,Rp14.100,48%,www.tokopedia.com
Zwitsal Kids Shampoo Pink Soft & Moisturizing 180Ml,Shampoo & Sabun Bayi,Rp27.900,Rp17.600,37%,www.tokopedia.com
Bango Kecap Manis Pouch Flatpack 210Ml Multi Pack,Kecap,Rp67.600,Rp45.900,32%,www.tokopedia.com
Buavita Juice Orange 250Ml Multi Pack,Jus,Rp47.600,Rp32.500,32%,www.tokopedia.com
Buavita Juice Orange 250Ml Twin Pack,Jus,Rp23.800,Rp16.300,32%,www.tokopedia.com
Sariwangi Teh Hijau 25 Teh Celup Twin Pack,Teh,Rp31.800,Rp21.000,34%,www.tokopedia.com
Sarimurni Teh Hitam Kantong Bundar 20 Teh Celup Twin Pack,Teh,Rp15.800,Rp9.600,39%,www.tokopedia.com
Sarimurni Teh Hitam 25 Twin Pack,Kopi,Rp19.800,Rp12.200,38%,www.tokopedia.com
Royco Bumbu Kaldu Ayam 230G Twin Pack,Kaldu & Penyedap Rasa,Rp29.800,Rp12.700,57%,www.tokopedia.com
Royco Kaldu Sapi 230 Gram Twin Pack,Kaldu & Penyedap Rasa,Rp29.800,Rp17.400,42%,www.tokopedia.com
Zwitsal Baby Cologne Natural Soft Touch 100Ml Twin Pack,Parfum & Cologne Anak-Anak,Rp71.800,Rp43.900,39%,www.tokopedia.com
Lux Botanicals Sabun Mandi Cair Sakurabloom 400Ml-Brigthening Bodywash,Sabun Mandi,Rp32.800,Rp25.100,23%,www.tokopedia.com
Zwitsal Mini Travel Pack Baby Gifset - Baby Travel Pack,Shampoo & Sabun Bayi,Rp43.900,Rp27.600,37%,www.tokopedia.com
Pond'S Magic Powder Bb 50 G,Bedak Wajah,Rp47.900,Rp33.000,31%,www.tokopedia.com
Citra Powder Cream Moisturizer Krim Wajah Sakura Bright Uv 40G,Krim Wajah,Rp73.900,Rp50.700,31%,www.tokopedia.com
Vaseline Lip Therapy CRÈME BRULEE 7gr,Lip Balm & Oil,Rp48.300,Rp43.500,10%,www.tokopedia.com
POND'S MICELLAR WATER BRIGHTENING ROSE MAKEUP REMOVER PEMBERSIH 100ML,Micellar Water,Rp27.800,Rp23.100,17%,www.tokopedia.com
Rexona Women Dry Serum Fresh Sakura 50Ml - Cream Pencerah Ketiak,Deodorant,Rp26.700,Rp24.300,9%,www.tokopedia.com
Ponds Bright Miracle Ultimate Clarity Niasorcinol Cream 20g,Krim Wajah,Rp32.600,Rp28.900,11%,www.tokopedia.com
Citra Gel Multifungsi Aloe Bright Uv 180Ml - Soothing Gel Aloevera,Body Lotion,Rp34.300,Rp26.000,24%,www.tokopedia.com
SuperPell Pembersih Lantai Pel Lantai Harum & Wangi Lemon Ginger 770mL,Alat Pel,Rp18.700,Rp14.400,23%,www.tokopedia.com
Dove Spray Deodorant light & Smooth 150ml,Deodorant,Rp75.900,Rp75.900,N/A,www.tokopedia.com
Pepsodent Pasta Gigi Whitening 190g - Twin Pack,Pasta Gigi,Rp67.800,Rp42.700,37%,www.tokopedia.com
Lux Sabun Cair Soft Rose Refill 450ML Twin Pack,Sabun Mandi,Rp65.600,Rp49.300,25%,www.tokopedia.com
Dove Roll On Deodorant Light & Smooth 40Ml Twin Pack,Deodorant,Rp54.100,Rp43.700,19%,www.tokopedia.com
Dove Go Fresh Revive Body Wash Refill 400ml - Twin Pack,Sabun Mandi,Rp88.400,Rp57.700,35%,www.tokopedia.com
Dove Deeply Nourishing Body Wash Refill 400ml - Twin Pack,Shampoo,Rp104.900,Rp57.700,45%,www.tokopedia.com
Closeup Pasta Gigi Icy White - Winter Blast 160g - Twin Pack,Pasta Gigi,Rp57.200,Rp52.900,8%,www.tokopedia.com
Citra Green Tea Antiacne Face Moisturizer 40G Twin Pack,Krim Wajah,Rp103.000,Rp99.600,3%,www.tokopedia.com
Bango Kecap Manis 275ml - Twin Pack,Kecap,Rp63.800,Rp42.000,34%,www.tokopedia.com
Lifebuoy Shampoo Anti Hairfall 340ml,Shampoo,Rp47.300,Rp41.200,13%,www.tokopedia.com
Lifebuoy Sabun Cair Lemon Fresh Refill 400Ml,Sabun Mandi,Rp38.900,Rp22.800,41%,www.tokopedia.com
LIFEBUOY SHAMPOO ANTI DANDRUFF 680ML -SHAMPO ANTI KETOMBE DAN RONTOK,Shampoo,Rp83.900,Rp62.000,26%,www.tokopedia.com
Lifebuoy Sabun Mandi Cair Total 10 500Ml -Sabun Antibakteri,Sabun Mandi,Rp95.900,Rp60.800,37%,www.tokopedia.com
Lifebuoy Sabun Cair Mild Care Refill 400Ml,Sabun Mandi,Rp38.900,Rp22.800,41%,www.tokopedia.com
LIFEBUOY SHAMPOO STRONG & SHINY 170ML,Shampoo,Rp37.900,Rp21.900,42%,www.tokopedia.com
Lifebuoy Shampoo Strong Shiny 340Ml,Shampoo,Rp47.300,Rp41.200,13%,www.tokopedia.com
Lifebuoy Sabun Cair Total 10 Refill 400Ml,Sabun Mandi,Rp38.900,Rp22.800,41%,www.tokopedia.com
LIFEBUOY SHAMPOO ANTI DANDRUFF 170ML,Shampoo,Rp37.900,Rp23.600,38%,www.tokopedia.com
Lifebuoy Shampoo Anti Dandruff 340Ml,Shampoo,Rp65.900,Rp41.200,37%,www.tokopedia.com
Lifebuoy Sabun Cair Cool Fresh Refill 400Ml,Sabun Mandi,Rp38.900,Rp22.800,41%,www.tokopedia.com
Sunsilk Shampoo Black Shine 170Ml,Shampoo,Rp28.900,Rp25.600,11%,www.tokopedia.com
Sunsilk Shampoo Black Shine 320Ml,Shampoo,Rp50.700,Rp46.000,9%,www.tokopedia.com
Lifebuoy Mild Care 825ml isi 3 FREE Jersey Lifebuoy,Sabun Mandi,Rp221.700,Rp114.400,48%,www.tokopedia.com
Royco Bumbu Kaldu Sapi 230G isi 3 FREE Philips Hand Mixer [Mystery Box],Kaldu & Penyedap Rasa,Rp55.700,Rp28.600,49%,www.tokopedia.com
Bango Kecap Manis 735ml isi 3 FREE Lock & Lock Home Grill [Mystery Box],Kecap,Rp160.700,Rp92.100,43%,www.tokopedia.com
Buavita Guava 1L isi 2 FREE 1 Buavita Guava 500ml,Jus,Rp55.900,Rp26.900,52%,www.tokopedia.com
Royco Sapi 220gr isi 2 FREE Royco Sapi 220gr,Kaldu & Penyedap Rasa,Rp49.800,Rp19.100,62%,www.tokopedia.com
Bango Manis 1000g isi 2 FREE Lunch Box Bango,Kecap,Rp123.800,Rp61.400,50%,www.tokopedia.com
Rexona Women Deodorant Invinsible Dry 45 ml FREE Popsocket Rexona,Deodorant,Rp38.900,Rp18.800,52%,www.tokopedia.com
Pepsodent Brilian isi 6 FREE Mug Gigi,Sikat Gigi,Rp49.400,Rp17.200,65%,www.tokopedia.com
Lux Sabun Cair Sakura Dream Refill 450ml isi 2 FREE LUX Bluebell 580ml,Sabun Mandi,Rp93.800,Rp48.500,48%,www.tokopedia.com
Superpell Korean Strawberry 700ml isi 2 FREE Minyak Goreng,Karbol,Rp56.800,Rp27.700,51%,www.tokopedia.com
Rinso Sensifresh 700ml Series,Deterjen Laundry,Rp118.600,Rp63.500,46%,www.tokopedia.com
Buy 1 Molto Perfume Beads Luxury Perfume Purple Perfume Booster 200G FREE Molto Pink 250ml,Pewangi Pelembut Pakaian,Rp89.900,Rp46.500,48%,www.tokopedia.com
Buy 1 Molto Perfume Beads Luxury Perfume Purple Perfume Booster 200G FREE Molto Pure 135ml,Pewangi Pelembut Pakaian,Rp89.900,Rp46.500,48%,www.tokopedia.com
Rinso Japanese Peach Liquid 360ml isi 6,Deterjen Laundry,Rp83.400,Rp51.600,38%,www.tokopedia.com
Rinso Micellar Soft Liquid 360ml isi 6,Micellar Water,Rp83.400,Rp51.600,38%,www.tokopedia.com
Rinso Korean Strawberry Liquid 360ml isi 6,Deterjen Laundry,Rp83.400,Rp51.600,38%,www.tokopedia.com
Rinso Micellar Soft Liquid 360ml isi 4,Micellar Water,Rp55.600,Rp34.400,38%,www.tokopedia.com
Rinso Korean Strawberry Liquid 360ml isi 4,Deterjen Laundry,Rp55.600,Rp34.400,38%,www.tokopedia.com
"Rinso Molto Deterjen Essence 1,8kg isi 6 FREE Bolde Vacuum Cleaner",Deterjen Laundry,Rp803.400,Rp803.400,N/A,www.tokopedia.com
Closeup Pasta Gigi Mentol Fresh 160g isi 6 FREE Philips Travel Shaver,Pasta Gigi,Rp366.400,Rp110.200,70%,www.tokopedia.com
Pond's Men UV Protect Sunscreen 30g isi 4 FREE Philips Travel Shaver,Sunblock wajah,Rp446.600,Rp446.600,N/A,www.tokopedia.com
Pepsodent Pasta Gigi 225G Value Pack isi 8 FREE NVMEE Catokan,Pasta Gigi,Rp598.200,Rp598.200,N/A,www.tokopedia.com
Rexona Men Deodorant Invisible Dry 150ml isi 4 FREE Xiaomi Smart Watch,Deodorant,Rp539.600,Rp539.600,N/A,www.tokopedia.com
Sunlight Sabun Cuci Piring Extra Lembut 625ml Isi 6 FREE Scrub Mommy,Sabun Cuci Piring,Rp195.400,Rp77.700,60%,www.tokopedia.com
Sunlight Jeruk Nipis 1500ml Isi 5 FREE Scrub Daddy,Sabun Cuci Piring,Rp319.500,Rp108.800,66%,www.tokopedia.com
Vaseline​ Gluta Hya Niacinamide Dewy Radiance 330ml Isi 4 FREE Catokan,Body Lotion,Rp690.700,Rp690.700,N/A,www.tokopedia.com
Vaseline​ Gluta Hya Niacinamide Flawless Bright 330ml Isi 3 FREE TWS,Body Lotion,Rp561.700,Rp561.700,N/A,www.tokopedia.com
Rinso Kapsul 3in1 Sakura Blossom 16 Kapsul Isi5 FREE Speaker Bluetooth,Deterjen Laundry,Rp588.500,Rp588.500,N/A,www.tokopedia.com
Vaseline Gluta Serum Flawless Bright 200ml isi 2 FREE Mini Fan,Body Lotion,Rp206.800,Rp107.100,48%,www.tokopedia.com
Molto AIO Refill Blue 1600ML Isi 2 FREE Gulaku 1kg,Pewangi Pelembut Pakaian,Rp183.800,Rp109.200,41%,www.tokopedia.com
Bango Less Sugar 520ml Kecap Rendah Gula Isi 2 FREE Blue Band Margarin,Kecap,Rp87.800,Rp52.700,40%,www.tokopedia.com
Ponds Micellar Water Brightening Rose 100Ml isi 2 FREE Mini Fan,Micellar Water,Rp94.800,Rp46.400,51%,www.tokopedia.com
Molto Pure Pewangi Pakaian Bayi 1.6L Isi 2 FREE Gulaku 1kg,Pewangi Pelembut Pakaian,Rp183.800,Rp109.200,41%,www.tokopedia.com
Vaseline Lotion Intensive Care Aloe Soothe 400Ml isi 2 FREE Mini Fan,Body Lotion,Rp174.800,Rp92.100,47%,www.tokopedia.com
Royco Bumbu Kaldu Sapi 230g Isi 2 FREE Blue Band Margarin,Kaldu & Penyedap Rasa,Rp37.800,Rp19.100,49%,www.tokopedia.com
Wipol Karbol Lemon Pembersih Lantai Refill 750Ml Isi 2 FREE Pitcher 1L,Karbol,Rp103.800,Rp35.000,66%,www.tokopedia.com
Wipol Pembersih Lantai Sereh&Jeruk 750Ml Isi 2 FREE Pitcher 1L,Karbol,Rp103.800,Rp35.000,66%,www.tokopedia.com
Royco Bumbu Kaldu Ayam 230g Isi 2 FREE Blue Band Margarin,Kaldu & Penyedap Rasa,Rp37.800,Rp19.100,49%,www.tokopedia.com
Pepsodent Kids Pasta Gigi Strawberry isi 2 FREE Activity Book,Pasta Gigi,Rp19.800,Rp11.800,40%,www.tokopedia.com
Pepsodent Action 123 Pasta Gigi Herbal 190g isi 2 FREE Lock&Lock,Pasta Gigi,Rp79.800,Rp36.000,55%,www.tokopedia.com
Pepsodent Pasta Gigi Complete8 150g isi 2 FREE 3 Pepsodent Herbal 190g,Pasta Gigi,Rp242.575,Rp32.400,87%,www.tokopedia.com
Pepsodent PGB Pasta Gigi 75g isi 3 FREE 2Pepsodent Whitening 190gr,Pasta Gigi,Rp23.700,Rp14.500,39%,www.tokopedia.com
Pepsodent Action 123 Pasta Gigi 190g isi 2 FREE Mug,Pasta Gigi,Rp67.800,Rp42.000,38%,www.tokopedia.com
Lifebuoy Hair Mist 60Ml isi 2 FREE 3 Lifebuoy Shampoo 155ML,Shampoo,Rp41.800,Rp41.800,N/A,www.tokopedia.com
Pepsodent PGB Pasta Gigi White 225g isi 2 FREE 2 Pouch Pepsodent,Pasta Gigi,Rp45.800,Rp28.100,39%,www.tokopedia.com
Dove Shampoo Hairfall Treatment 290Ml isi 2 FREE 3 Conditioner 160ml,Shampoo,Rp421.800,Rp80.300,81%,www.tokopedia.com
Molto Pewangi Pakaian Pink 1800Ml FREE Molto Pure 1L,Pewangi Pelembut Pakaian,Rp41.900,Rp27.700,34%,www.tokopedia.com
Lux Bodywash Sakura Bloom Refill 900Ml isi 2 FREE 3 LUX Bluebell 400Ml,Sabun Mandi,Rp127.800,Rp85.700,33%,www.tokopedia.com
Zwitsal Baby Bath Natural Aloe Vera Hair & Body 300ml Twinpack,Shampoo & Sabun Bayi,Rp103.800,Rp66.800,36%,www.tokopedia.com
Zwitsal Kids Bubble Bath Blue Clean & Fresh 280ml Twinpack,Shampoo & Sabun Bayi,Rp81.800,Rp49.900,39%,www.tokopedia.com
Vaseline Petroleum Jelly Original 50Ml + Lip Care Balm Rosy Tinted 10g,Lip Balm & Oil,Rp91.800,Rp55.000,40%,www.tokopedia.com
Vaseline Healthy Bright SPF30 180ml FREE Vaseline Lip Care Rosy 10gr,Lip Balm & Oil,Rp147.800,Rp91.100,38%,www.tokopedia.com
Vaseline Healthy Bright Vitamin Body Serum Soft Glow 100Ml - Isi 3,Body Lotion,Rp89.700,Rp55.100,39%,www.tokopedia.com
Vaseline Repairing Jelly 100ml isi 2 FREE HB SoftGlow Vit Serum 100ml,Body Lotion,Rp145.800,Rp89.600,39%,www.tokopedia.com
Molto Trika Biru 400ml FREE Molto Trika Japanese Peach 400ml,Pewangi Pelembut Pakaian,Rp25.800,Rp16.900,34%,www.tokopedia.com
Vaseline HB Soft Glow 180ml FREE Vaseline Lip Care Rosy Tinted 10gr,Lip Balm & Oil,Rp105.800,Rp62.300,41%,www.tokopedia.com
Vaseline Hbright SPF24 400ml FREE Vaseline HB SoftGlow Vit Serum 100ml,Body Lotion,Rp217.800,Rp109.800,50%,www.tokopedia.com
Citra HBL Serum Insta+Fresh Glow 180ml FREE Citra Complete Glow100ml,Body Lotion,Rp82.800,Rp50.400,39%,www.tokopedia.com
Pepsodent Pencegah Gigi Berlubang White 225G Free LIFEBUOY BW 400ML,Pasta Gigi,Rp45.800,Rp28.100,39%,www.tokopedia.com
Rexona Roll On Advanced Whitening 45ml isi 3 FREE Portable Fan,Deodorant,Rp104.700,Rp70.800,32%,www.tokopedia.com
Rexona Roll On Advanced Whitening 45ml isi 2 FREE Photocard,Deodorant,Rp69.800,Rp47.200,32%,www.tokopedia.com
Vixal Kuat Segar Pouch & Superpell Fresh Apple 1.6L FREE Ember Lipat,Pembersih Toilet,Rp175.600,Rp84.700,52%,www.tokopedia.com
Vixal Kuat Segar 600ml&Rinso Molto Micellar Soft 1.8Kg Get Roller Bulu,Karbol,Rp61.300,Rp31.000,49%,www.tokopedia.com
Rinso Matic Deterjen Cair Mesin Bukaan Atas 1450ml Get Sunlight 210ml,Deterjen Laundry,Rp80.900,Rp45.400,44%,www.tokopedia.com
Rexona Roll On Advanced Whitening 45ml FREE Pop Socket,Deodorant,Rp34.900,Rp23.600,32%,www.tokopedia.com
Buy 2 Rinso Molto Deterjen Bubuk Rose Fresh 1.8Kg Get Sunlight 700ml,Deterjen Laundry,Rp190.800,Rp104.500,45%,www.tokopedia.com
Buy 1 Vixal Kuat Segar Pouch 600ml FREE Spons,Karbol,Rp22.900,Rp13.900,39%,www.tokopedia.com
Buavita Mangga 1L isi 3 FREE Cetakan Ice Cream,Jus,Rp138.550,Rp80.700,42%,www.tokopedia.com
Zwitsal Baby Bath 2 In 1 Hair Body Aloe Vera 450Ml Free 1 Minyak 1 L,Shampoo & Sabun Bayi,Rp137.800,Rp63.000,54%,www.tokopedia.com
Clear Shampoo Anti Ketombe & Rontok Xtra 20% 11ml,Shampoo,Rp1.900,Rp1.000,47%,www.tokopedia.com
Molto Pure 1L isi 3 FREE Zwitsal Skin Protector Lotion 100ml,Pewangi Pelembut Pakaian,Rp164.700,Rp108.300,34%,www.tokopedia.com
Molto Pure 1L isi 3 FREE Zwitsal Hair Lotion 100ml,Pewangi Pelembut Pakaian,Rp164.700,Rp108.300,34%,www.tokopedia.com
Molto Pure 1L isi 2 FREE Zwitsal Wipes Aloe Vera,Pewangi Pelembut Pakaian,Rp109.800,Rp72.200,34%,www.tokopedia.com
Bango Kecap Manis 735ml isi 5 FREE Rice Cooker,Kecap,Rp395.500,Rp153.400,61%,www.tokopedia.com
"Rinso Molto Perfume Essence 1,65L isi 5 FREE Advance Vacuum Cleaner",Deterjen Laundry,Rp594.500,Rp217.400,63%,www.tokopedia.com
Pepsodent Pencegah Gigi Berlubang 225gr isi 6 FREE Kamera Analog,Pasta Gigi,Rp459.400,Rp128.300,72%,www.tokopedia.com
Lifebuoy Total 10 825ml isi 5 FREE Tumbler LocknLock 550ml,Sabun Mandi,Rp577.500,Rp190.600,67%,www.tokopedia.com
Molto Perfume Beads Luxury Perfume Purple 200G FREE Lunch Box,Pewangi Pelembut Pakaian,Rp76.900,Rp46.500,40%,www.tokopedia.com
Buavita Juice Jambu 1000ml FREE Lock&Lock Exclusive Ovenglass Gift Set,Jus,Rp373.400,Rp161.300,57%,www.tokopedia.com
Pepsodent Complete 8 Whitening 190g FREE Luwak White Koffie Btl 220ml,Pasta Gigi,Rp40.100,Rp21.000,48%,www.tokopedia.com
Buy 2 Pepsodent Complete8 Whitening 190g FREE Luwak White Koffie10x20g,Pasta Gigi,Rp80.600,Rp42.000,48%,www.tokopedia.com
Buy 3 Pepsodent Multi Protection 150gr Get Lux Bluebell 400ml,Pasta Gigi,Rp80.700,Rp48.600,40%,www.tokopedia.com
Buy 3 Pepsodent Whitening 190gr Get Lux Bluebell 400ml,Pasta Gigi,Rp101.700,Rp63.000,38%,www.tokopedia.com
Buy 2 Pepsodent Valuepack 225gr Get Pepsodent Nanosoft Sensitive MP2,Pasta Gigi,Rp92.000,Rp42.800,53%,www.tokopedia.com
Buy Dove Deeply Nourishing Body Wash 825 ml FREE Dove Deodorant,Sabun Mandi,Rp83.900,Rp49.400,41%,www.tokopedia.com
Buy 3 Pepsodent Valuepack 225gr Get Pepsodent SME Sensitiv Treatment,Pasta Gigi,Rp152.600,Rp64.200,58%,www.tokopedia.com
Buy 2 Pepsodent Valuepack 225gr Get Pepsodent Herbal 190gr,Pasta Gigi,Rp90.775,Rp42.800,53%,www.tokopedia.com
Buy Glow & Lovely Brightening Facial Foam Get G&L Krim VIT C 20G,Serum Wajah,Rp63.950,Rp27.800,57%,www.tokopedia.com
Rinso Molto Korean Strawberry 565ml FREE Kris Setrika,Deterjen Laundry,Rp369.000,Rp126.100,66%,www.tokopedia.com
Wipol Cemara 750Ml FREE Gaabor Spray Mop,Karbol,Rp374.200,Rp139.800,63%,www.tokopedia.com
Rinso Matic Bukaan Depan 1.45L FREE Mesin Cuci Lipat,Deterjen Laundry,Rp370.800,Rp126.600,66%,www.tokopedia.com
Buy 2 Sariwangi Mawar Free 1 Sariwangi Mawar,Teh,Rp17.800,Rp11.300,37%,www.tokopedia.com
Buy 2 Superpell Apple 770Ml FREE Wipol Sereh&Jeruk 190ml,Karbol,Rp41.800,Rp27.600,34%,www.tokopedia.com
Buy 2 Vixal Ekstra Kuat 750ml FREE Vixal Ekstra Kuat 160ml,Pembersih Toilet,Rp49.800,Rp32.200,35%,www.tokopedia.com
Buy 2 Wipol Sereh&Jeruk 750Ml FREE Lunch Box,Karbol,Rp53.800,Rp35.000,35%,www.tokopedia.com
Buy 2 Pepsodent Sensitive 100g Free Pepsodent Nanosoft Sensitive Isi 2,Pasta Gigi,Rp103.800,Rp61.600,41%,www.tokopedia.com
Buy 2 Lifebuoy Total 10 825ml Free Lifebuoy Handwash Total 10 180ml,Sabun Mandi,Rp127.800,Rp76.300,40%,www.tokopedia.com
Buy 3 Pepsodent Center Fresh 160gr Free Lifebuoy Shiso Mineral 400ml,Pasta Gigi,Rp101.700,Rp63.000,38%,www.tokopedia.com
Buy 2 Lifebuoy Lemon Fresh 825ml FREE Lifebuoy Cool Fresh 400ml,Sabun Mandi,Rp127.800,Rp76.300,40%,www.tokopedia.com
Buy 2 Lifebuoy Total 10 825ml FREE Lifebuoy Cool Fresh 400ml,Sabun Mandi,Rp127.800,Rp76.300,40%,www.tokopedia.com
Dove Deeply Nourishing Refill 825ml FREE Botol Pump 500ml,Sabun Mandi,Rp83.900,Rp49.400,41%,www.tokopedia.com
Buy 3 Lifebuoy Lemon Fresh 825ml FREE Lifebuoy Cool Fresh 400ml,Sabun Mandi,Rp191.700,Rp114.400,40%,www.tokopedia.com
Lux Sakura Bloom 825ml FREE Rak Sabun,Sabun Mandi,Rp63.900,Rp42.900,33%,www.tokopedia.com
Buy 3 Lifebuoy Total 10 825ml FREE Lifebuoy Cool Fresh 400ml,Sabun Mandi,Rp191.700,Rp114.400,40%,www.tokopedia.com
Buy Lifebuoy Mild Care 825ml FREE Botol Pump 500ml,Sabun Mandi,Rp63.900,Rp38.200,40%,www.tokopedia.com
Buy 2 Lux Sakura Bloom 825ml FREE Lux Bluebell 400ml,Sabun Mandi,Rp127.800,Rp85.700,33%,www.tokopedia.com
Buy 2 Lifebuoy Total 10 825ml FREE Handuk Uk 70x140cm,Sabun Mandi,Rp127.800,Rp76.300,40%,www.tokopedia.com
Pepsodent Action 123 PastaGigi Herbal Isi 2 190g FREE Gelas Sikat Gigi,Pasta Gigi,Rp59.800,Rp36.000,40%,www.tokopedia.com
Buy 1 Lifebuoy Shampoo Strong and Shiny 680 ml FREE 1 Lifebuoy Shampoo,Shampoo,Rp83.900,Rp60.000,28%,www.tokopedia.com
Buy Dove Shampoo Total Damage Treatment 680Ml Free 2 Dove Super Condit,Shampoo,Rp119.900,Rp72.000,40%,www.tokopedia.com
Buy 2 Rexona Free Spirit Get 2 Lifebuoy Lemon Fresh 90ml,Deodorant,Rp67.800,Rp37.500,45%,www.tokopedia.com
Lifebuoy Sabun Cair Total 10 Refill 825ml Free Rinso Kapsul Trial Kit,Sabun Mandi,Rp68.900,Rp38.200,45%,www.tokopedia.com
Sariwangi Teh Asli isi 30 Twinpack FREE Oatside Barista Blend 200ml,Teh,Rp21.800,Rp14.500,33%,www.tokopedia.com
Sariwangi Teh Mawar Twinpack FREE Oatside Barista Blend 200ml,Teh,Rp17.800,Rp11.300,37%,www.tokopedia.com
Sariwangi Teh Melati Twinpack FREE Oatside Barista Blend 200ml,Teh,Rp25.800,Rp16.600,36%,www.tokopedia.com
Buy 2 Get 1 Zwitsal Essential Giftpack,Parfum & Cologne Anak-Anak,Rp389.800,Rp235.200,40%,www.tokopedia.com
Rinso Micellar 700ml Free Rinso Kapsul Trial Kit,Deterjen Laundry,Rp28.900,Rp15.900,45%,www.tokopedia.com
Sunlight Extra Lembut 650ml Free Rinso Kapsul Trial Kit,Sabun Cuci Piring,Rp18.900,Rp13.000,31%,www.tokopedia.com
Ponds Bright Beauty Facial Foam 100g FREE Rose Quartz Gua Sha,Cleanser Wajah,Rp498.400,Rp197.500,60%,www.tokopedia.com
Bango Kecap Manis Refill 520Ml FREE Waffle Maker,Kecap,Rp360.400,Rp143.900,60%,www.tokopedia.com
Lifebuoy Sabun Cair Lemon Fresh Refill 825Ml FREE Hair Dryer,Sabun Mandi,Rp314.600,Rp114.400,64%,www.tokopedia.com
Superpell Sabun Pel Apple 1600Ml FREE Oven Listrik,Pembersih Toilet,Rp1.101.600,Rp399.100,64%,www.tokopedia.com
Zwitsal Hair & Body Antibacterial 200ml Isi 2 FREE Baby Diaper Cream,Shampoo & Sabun Bayi,Rp65.800,Rp39.500,40%,www.tokopedia.com
Zwitsal Deterjen Cair Green Tea 750Ml Twinpack FREE Baby Diaper Cream,Shampoo & Sabun Bayi,Rp81.800,Rp49.000,40%,www.tokopedia.com
Zwitsal Bar Soap Milk & Honey 80Gr Twinpack FREE Baby Diaper Cream 50g,Shampoo & Sabun Bayi,Rp17.800,Rp9.700,46%,www.tokopedia.com
Zwitsal Baby Bath Aloe Vera 450Ml Twinpack FREE Baby Diaper Cream 50gr,Shampoo & Sabun Bayi,Rp117.800,Rp63.000,47%,www.tokopedia.com
Buy 1 Lifebuoy Sabun Cuci Piring Refill 680ML FREE Sponge Scotch Brite,Sabun Cuci Piring,Rp19.800,Rp8.500,57%,www.tokopedia.com
Buy 2 Close Up Korea Everfresh Eucalyptus free Kim Mingue Totebag,Pasta Gigi,Rp83.800,Rp56.300,33%,www.tokopedia.com
Buavita Jambu 245ml FREE Stand Mixer,Jus,Rp404.300,Rp159.400,61%,www.tokopedia.com
Royco Kaldu Sapi 220gr FREE Toaster,Kaldu & Penyedap Rasa,Rp372.500,Rp142.800,62%,www.tokopedia.com
Royco Bumbu Kaldu Ayam Special 170g FREE Sandwich Toaster,Kaldu & Penyedap Rasa,Rp586.200,Rp231.700,60%,www.tokopedia.com
Sariwangi Teh Hitam Asli Isi 50 FREE Waffle Maker,Teh,Rp359.800,Rp139.400,61%,www.tokopedia.com
[KESEMPATAN MENANG] Rinso Perfume Essence 1.65L Free Mattress Protecto,Deterjen Laundry,Rp82.900,Rp43.500,48%,www.tokopedia.com
[KESEMPATAN MENANG] Rinso Rose Fresh 1.65L Free Turu Mattres Protector,Deterjen Laundry,Rp82.900,Rp43.500,48%,www.tokopedia.com
[KESEMPATAN MENANG] Rinso Bukaan Atas 1.45L Free Turu Mattres Protecto,Deterjen Laundry,Rp82.900,Rp45.400,45%,www.tokopedia.com
[KESEMPATAN MENANG] Rinso Bukaan Depan 1.45L Free Turu Mattres Protect,Deterjen Laundry,Rp110.900,Rp63.300,43%,www.tokopedia.com
[KESEMPATAN MENANG] Rinso Perfume Essence 1.65L Free Mattres Protector,Deterjen Laundry,Rp81.900,Rp43.500,47%,www.tokopedia.com
[KESEMPATAN MENANG] Rinso Rose Fresh 1.65L Free Turu Mattess Protector,Deterjen Laundry,Rp81.900,Rp43.500,47%,www.tokopedia.com
KESEMPATAN MENANG Mystery Box Buy 1 Rinso Lavender 168g Free Knife Set,Deterjen Laundry,Rp77.900,Rp41.900,46%,www.tokopedia.com
[KESEMPATAN MENANG] Mystery Box Buy 3 Rinso Lavender Fresh Free Oven,Deterjen Laundry,Rp213.700,Rp125.700,41%,www.tokopedia.com
Rinso Kapsul 3 in 1 Lavender Fresh 16 Kapsul Free Lock n Lock Bottle,Deterjen Laundry,Rp97.900,Rp41.900,57%,www.tokopedia.com
[KESEMPATAN MENANG] Mystery Box Buy 2 Rinso Lavender Fresh Free Vacuum,Deterjen Laundry,Rp145.800,Rp83.800,43%,www.tokopedia.com
KESEMPATAN MENANG Mystery Box Buy 1 Rinso Sakura Blossom Free Mini Bag,Deterjen Laundry,Rp92.246,Rp41.900,55%,www.tokopedia.com
Rinso Kapsul 3 in 1 Lavender Fresh 16 Kapsul Free Lunch Box LocknLock,Deterjen Laundry,Rp210.800,Rp83.800,60%,www.tokopedia.com
Zwitsal Kids Sabun Mandi Anak Clean & Fresh 250Ml FREE Brush Set,Shampoo & Sabun Bayi,Rp1.112.900,Rp389.900,65%,www.tokopedia.com
Zwitsal Baby Bath Hair Body Aloe Vera 600ml FREE Sparkling Brush Set,Shampoo & Sabun Bayi,Rp463.570,Rp171.400,63%,www.tokopedia.com
Royco Bumbu Kaldu Sapi 220gr FREE Knife Set,Kaldu & Penyedap Rasa,Rp422.300,Rp161.900,62%,www.tokopedia.com
Vaseline Gluta Dewy 330ml FREE Sparkling Brush Set,Toner Wajah,Rp533.670,Rp220.100,59%,www.tokopedia.com
Simple Water Boost Micellar Cleansing Water 200ml Twinpack,Jus,Rp219.800,Rp198.000,10%,www.tokopedia.com
Zwitsal Baby Natural Hair Lotion Almond Oil & Vitamin E 100ml Twinpack,Jus,Rp83.800,Rp52.000,38%,www.tokopedia.com
CIF Cream Pembersih Serbaguna Lemon Botol 660g Twinpack,Jus,Rp69.800,Rp50.000,28%,www.tokopedia.com
Citra Pearly Glow Facial Moisturizer 20G Twinpack,Krim Wajah,Rp71.800,Rp48.800,32%,www.tokopedia.com
Axe Parfum Saku Dark Temptation 15ml Twinpack,Jus,Rp41.800,Rp28.400,32%,www.tokopedia.com
Axe Deodorant Bodyspray Harumkan Indonesia 135ml Twinpack,Deodorant,Rp109.800,Rp73.900,33%,www.tokopedia.com
Buy 2 Dove Hair Fall Shampoo pouch 900 ml FREE Dove Conditioner,Shampoo,Rp277.800,Rp168.500,39%,www.tokopedia.com
Buy 2 Pepsodent Sikat Gigi Siwak Isi 2 FREE Toothbrush Holder,Sikat Gigi,Rp61.800,Rp36.500,41%,www.tokopedia.com
Buy 2 Pepsodent Sikat Gigi Nanosoft Sensitive isi 3 FREE Canister Lime,Sikat Gigi,Rp83.800,Rp50.800,39%,www.tokopedia.com
Buy 2 PEPSODENT KIDS PASTA GIGI STRAWBERRY Free ZWITSAL KIDS 2 IN 1,Pasta Gigi,Rp19.800,Rp11.800,40%,www.tokopedia.com
Pond S Bright Beauty Brightening Toner 150Ml Twinpack,Toner Wajah,Rp91.800,Rp61.700,33%,www.tokopedia.com
Zwitsal Kids Body Mist Fresh Touch 100Ml Twinpack,Shampoo & Sabun Bayi,Rp61.800,Rp37.100,40%,www.tokopedia.com
Clear Hijab Pure Shampo Anti-Ketombe & Anti-Rontok 160Ml Twinpack,Shampoo,Rp109.800,Rp73.500,33%,www.tokopedia.com
Lifebuoy Sabun Mandi Cair Yoghurt Care Pump 500Ml Twinpack,Sabun Mandi,Rp209.800,Rp129.700,38%,www.tokopedia.com
Dove Shampo Perawatan Rambut Rontok Sampo 135ml Twinpack,Shampoo,Rp69.800,Rp42.800,39%,www.tokopedia.com
Tresemme Total Salon Repair Shampoo 170Ml Twinpack,Shampoo,Rp101.800,Rp68.400,33%,www.tokopedia.com
Dove Conditioner Total Damage Treatment 160Ml Twinpack,Conditioner,Rp93.800,Rp59.100,37%,www.tokopedia.com
Pond S Bright Beauty Cleansing Milk 150Ml Twinpack,Body Lotion,Rp89.800,Rp60.800,32%,www.tokopedia.com
Ponds Juice Collection Cleanser Watermelon Extract 90G Twinpack,Body Lotion,Rp199.600,Rp67.300,66%,www.tokopedia.com
Zwitsal Kids Shampoo Blue Clean And Fresh 180Ml Twinpack,Shampoo & Sabun Bayi,Rp55.800,Rp34.300,39%,www.tokopedia.com
Wipol Cemara 750ml FREE BOLDe Super Hoover Turbo,Karbol,Rp859.600,Rp331.900,61%,www.tokopedia.com
Royco Kaldu Ayam 170g FREE LocknLock Multi Cooking Pot,Kaldu & Penyedap Rasa,Rp693.600,Rp270.300,61%,www.tokopedia.com
Buavita Mangga 1 L FREE Teko Listrik,Sabun Cuci Piring,Rp344.500,Rp134.400,61%,www.tokopedia.com
Lifebuoy Total 10 825ml FREE Tumbler,Shampoo,Rp564.500,Rp190.600,66%,www.tokopedia.com
Vaseline Gluta Gold 220ml FREE Beauty Brush,Toner Wajah,Rp590.000,Rp214.200,64%,www.tokopedia.com
Molto Perfume Boost Japanese Peach 650ml FREE Airfryer,Pewangi Pelembut Pakaian,Rp823.600,Rp304.500,63%,www.tokopedia.com
Royco Ayam 220gr FREE Sandwich Maker,Kaldu & Penyedap Rasa,Rp546.800,Rp209.500,62%,www.tokopedia.com
Sunsilk Shampoo Soft And Smooth 650Ml FREE Multicooker,Shampoo,Rp1.258.300,Rp520.700,59%,www.tokopedia.com
Sariwangi Hitam Asli isi 30 FREE Oven Listrik,Teh,Rp655.600,Rp246.000,62%,www.tokopedia.com
Buy 2 Wipol Sereh 750ml FREE 1 Stratagem BASF,Karbol,Rp53.800,Rp35.000,35%,www.tokopedia.com
Wipol Cemara 750ml Free Multi Cooking Pot,Karbol,Rp719.400,Rp279.500,61%,www.tokopedia.com
Molto Perfume Boost Korean Strawberry 680ml Free Air Purifier,Air Purifier,Rp459.200,Rp459.200,N/A,www.tokopedia.com
Molto Parfum Boost Himalaya Honeysuckle 650mL Free Mesin Cuci Portable,Pewangi Pelembut Pakaian,Rp1.317.800,Rp478.400,64%,www.tokopedia.com
Wipol Karbol Lantai Eucalyptus Refill 450ml Isi 4,Karbol,Rp55.600,Rp37.400,33%,www.tokopedia.com
Wipol Karbol Lantai Eucalyptus Refill 450ml Isi 3,Karbol,Rp41.700,Rp28.000,33%,www.tokopedia.com
Superpell Pembersih Lantai Korean Strawberry 770ml Isi 4,Pembersih Toilet,Rp83.600,Rp56.400,33%,www.tokopedia.com
Superpell Pembersih Lantai Korean Strawberry 770ml Isi 3,Pembersih Toilet,Rp62.700,Rp42.300,33%,www.tokopedia.com
Molto Anti Kusut Velvet Bloom Pouch 680 mL x4,Pewangi Pelembut Pakaian,Rp111.600,Rp75.000,33%,www.tokopedia.com
Molto Anti Kusut Spray Instan Pewangi Velvet Bloom Pouch 680Ml Isi 3,Pewangi Pelembut Pakaian,Rp83.700,Rp56.300,33%,www.tokopedia.com
Molto Pewangi Pakaian Hygiene Fresh 7x Kesegaran & Anti Bau 780 mL x4,Pewangi Pelembut Pakaian,Rp87.600,Rp57.100,35%,www.tokopedia.com
Sariwangi Teh Hitam Isi 30 Free Hand Mixer,Teh,Rp168.100,Rp65.100,61%,www.tokopedia.com
[Paket Gurih Chicken] Buy 3 Royco Chicken 220gr FREE LocknLock,Kaldu & Penyedap Rasa,Rp44.700,Rp28.600,36%,www.tokopedia.com
Paket Ayam Spesial: Buy 2 Royco Kaldu Ayam Spesial 170gr FREE Lunchbox,Kaldu & Penyedap Rasa,Rp57.800,Rp38.700,33%,www.tokopedia.com
[Paket Jamur ] Buy 2 Royco Kaldu Jamur 170gr FREE Lunchbox,Kaldu & Penyedap Rasa,Rp57.800,Rp38.700,33%,www.tokopedia.com
Paket Sahur Praktis: Bango 520ml + Jawara 250ml FREE Royco Chicken220G,Kecap,Rp56.800,Rp38.000,33%,www.tokopedia.com
Paket Sahur Hangat: 3 Royco Chicken 220gr + 2 Sariwangi FREE Bango,Kaldu & Penyedap Rasa,Rp66.500,Rp43.100,35%,www.tokopedia.com
Molto Pelembut dan Pewangi Parfum Boost Casablanca Lily 650mL Free Hat,Pewangi Pelembut Pakaian,Rp126.900,Rp65.300,49%,www.tokopedia.com
Molto All In One Blue 720 ml Free Vacuum Cleaner Handheld,Sabun Cuci Piring,Rp558.400,Rp223.800,60%,www.tokopedia.com
Superpell Apel 1600 ml Free Pemanggang Roti Toaster,Sabun Cuci Piring,Rp421.400,Rp171.100,59%,www.tokopedia.com
Lifebuoy DIshwash 680 ml Free Oven Listrik,Sabun Cuci Piring,Rp239.000,Rp203.200,15%,www.tokopedia.com
Bango Kecap Manis 275Ml Free Fry Pan Wajan Anti Lengket Cypruz,Kecap,Rp418.200,Rp164.400,61%,www.tokopedia.com
Bango Kecap Manis 275Ml Free Sendok Sayur Cypruz,Kecap,Rp114.200,Rp61.700,46%,www.tokopedia.com
Dove Shampo Anti Rambut Rontok 900 ML FREE Conditioner,Conditioner,Rp181.900,Rp86.500,52%,www.tokopedia.com
[KESEMPATAN MENANG] Mystery Box Lifebuoy BW Lemon Fresh Adidas Ball,Pewangi Pelembut Pakaian,Rp70.600,Rp38.200,46%,www.tokopedia.com
Molto Pelembut Casablanca Lily 650 ml FREE Hand Mixer,Pewangi Pelembut Pakaian,Rp247.500,Rp108.800,56%,www.tokopedia.com
Sunlight Jeruk Nipis 650 ml FREE Air Fryer,Sabun Cuci Piring,Rp459.800,Rp284.700,38%,www.tokopedia.com
Rinso Molto Detergent Bubuk Rose Fresh 770g FREE Setrika Uap,Deterjen Laundry,Rp485.200,Rp194.000,60%,www.tokopedia.com
Wipol Karbol Cemara 750 ml FREE Vacuum Cleaner,Karbol,Rp295.900,Rp192.200,35%,www.tokopedia.com
[NOT FOR SALE] Clear Shampo Anti Bacterial Fresh Cool Lemon 300Ml FREE,Conditioner,Rp10.000.000,Rp10.000.000,N/A,www.tokopedia.com
Close Up Pasta Gigi Icy White 65G,Pasta Gigi,Rp13.900,Rp10.800,22%,www.tokopedia.com
Vaseline Hand Body Lotion Lightening 400ml FREE Vacuum Cleaner,Body Lotion,Rp235.800,Rp92.100,61%,www.tokopedia.com
Sunlight Anti Bau 650ml FREE Coffee Maker,Sabun Cuci Piring,Rp451.700,Rp168.200,63%,www.tokopedia.com
Royco Kaldu Ayam 230g FREE Rice Cooker,Kaldu & Penyedap Rasa,Rp498.000,Rp190.400,62%,www.tokopedia.com
Dove Body Wash Deeply Nourishing 850ml FREE Juicer,Sabun Mandi,Rp243.800,Rp98.700,60%,www.tokopedia.com
Royco Bumbu Kaldu Jamur 170G FREE Sandwich Toaster Maker,Kaldu & Penyedap Rasa,Rp386.200,Rp154.500,60%,www.tokopedia.com
Lux Botanical BW Sakura Bloom 900ml FREE Facial Cleansing Silicone,Sabun Mandi,Rp197.800,Rp85.700,57%,www.tokopedia.com
Dove Micellar Shampoo 430ml FREE Hair Straightener Curler,Shampoo,Rp427.700,Rp182.800,57%,www.tokopedia.com
Sunlight Jeruk Nipis 910ml FREE Sunlight Korean Strawberry Pouch 80ml,Sabun Cuci Piring,Rp29.900,Rp14.700,51%,www.tokopedia.com
Sunlight Jeruk Nipis 1.5L FREE Sunlight Korean Strawberry 80ml,Sabun Cuci Piring,Rp47.900,Rp21.800,54%,www.tokopedia.com
Clear Shampoo Complete Soft Care 300ml FREE Smartwatch,Pasta Gigi,Rp345.700,Rp155.400,55%,www.tokopedia.com
Molto Parfum Boost Japanese Peach 650mL Free Ember Lipat,Pewangi Pelembut Pakaian,Rp124.700,Rp65.300,48%,www.tokopedia.com
[KESEMPATAN MENANG] Mystery Box Molto Japanese Peach 650mL 2,Pewangi Pelembut Pakaian,Rp34.900,Rp21.800,38%,www.tokopedia.com
Molto Parfum Boost Japanese Peach 650mL Free Alas Duduk,Pewangi Pelembut Pakaian,Rp70.800,Rp43.500,39%,www.tokopedia.com
Buy 1 Ponds Age Miracle Ultimate Rnew Essence 110ml Free Cleanser 100g,Cleanser Wajah,Rp346.800,Rp185.600,46%,www.tokopedia.com
Vixal Pembersih Porselen Ekstra Kuat 780Ml Free Kain Microfiber,Pembersih Toilet,Rp26.399,Rp16.100,39%,www.tokopedia.com
Rinso Molto Detergen Cair Japanese Peach 750Ml Free Sikat Baju,Deterjen Laundry,Rp69.800,Rp31.800,54%,www.tokopedia.com
Rinso Matic Deterjen Bubuk Bukaan Depan 1.8Kg Free Tempat Bumbu,Deterjen Laundry,Rp125.799,Rp72.200,43%,www.tokopedia.com
Sunlight Sabun Cuci Piring Anti Bau 650mL Free Kain Lap,Sabun Cuci Piring,Rp24.400,Rp13.000,47%,www.tokopedia.com
Sunlight Sabun Cuci Piring Jeruk Nipis 910ml Free Spons,Sabun Cuci Piring,Rp31.800,Rp14.700,54%,www.tokopedia.com
Rinso Matic Deterjen Cair Mesin Bukaan Depan 1.45L Free Air Fryer,Deterjen Laundry,Rp661.700,Rp189.900,71%,www.tokopedia.com
Rexona Deodorant Dry Serum Fresh Sakura 50ml isi 2 Free Pop Socket,Deodorant,Rp79.800,Rp47.000,41%,www.tokopedia.com
[KESEMPATAN MENANG] Mystery Box Lifebuoy Shampoo Anti Dandruff 900ml,Shampoo,Rp208.800,Rp124.100,41%,www.tokopedia.com
[KESEMPATAN MENANG] Mystery Box Lifebuoy Shampoo Anti Dandruff,Shampoo,Rp193.800,Rp124.100,36%,www.tokopedia.com
[KESEMPATAN MENANG] Mystery Box Rinso Matic Bukaan Depan 1.45ml isi 3,Deterjen Laundry,Rp302.700,Rp189.900,37%,www.tokopedia.com
Pepsodent Double Care Sikat Gigi Medium Multipack Free Mouthwash 300ML,Obat kumur dan spray mulut,Rp88.800,Rp38.100,57%,www.tokopedia.com
Clear anti ketombe Ice Cool Menthol 660ml FREE Clear Fresh Lemon 160ml,Shampoo,Rp160.800,Rp96.400,40%,www.tokopedia.com
Pepsodent Pencegah Gigi Berlubang Pasta Gigi 225G Free Cannister,Pasta Gigi,Rp65.800,Rp28.100,57%,www.tokopedia.com
Rexona Women Deo Roll Free Spirit 45ml Free Vaseline Soft&Glow,Deodorant,Rp75.300,Rp37.500,50%,www.tokopedia.com
Dove Sabun Mandi Cair CARE & PROTECT Anti-Bacterial Body Wash 1L,Sabun Mandi,Rp166.900,Rp120.000,28%,www.tokopedia.com
Molto Pewangi Sports Fresh 820Ml isi 2 Free Minyak Goreng 1L,Pewangi Pelembut Pakaian,Rp69.800,Rp28.000,60%,www.tokopedia.com
Pepsodent Kids Pasta Gigi Strawberry Free Buku Gambar,Pasta Gigi,Rp44.800,Rp11.800,74%,www.tokopedia.com
Pepsodent Siwak Habbatussauda 190gr Free Sajadah Lipat Ria Miranda,Pasta Gigi,Rp68.800,Rp36.000,48%,www.tokopedia.com
Pepsodent Action 123 Pasta Gigi Whitening 190G Free Cannister,Pasta Gigi,Rp102.800,Rp42.000,59%,www.tokopedia.com
Rinso Molto Cair Japanese Peach 750ML Free Minyak,Pewangi Pelembut Pakaian,Rp27.900,Rp15.900,43%,www.tokopedia.com
Rinso Matic Professional Deterjen Laundry Kiloan Cair 1.8 L Multipack,Deterjen Laundry,Rp185.400,Rp140.700,24%,www.tokopedia.com
Lifebuoy Body Wash Sabun Mandi Cair Refill Total 10 825Ml Free Griller,Sabun Mandi,Rp445.600,Rp152.500,66%,www.tokopedia.com
Dove 3 in 1 Super Shampoo Serum 125ml Free Hair Dryer,Cleanser Wajah,Rp153.600,Rp59.700,61%,www.tokopedia.com
Pond's Bright Beauty Whip Facial Foam 100G Free Face Cleanser Elektrik,Cleanser Wajah,Rp214.400,Rp122.700,43%,www.tokopedia.com
Pepsodent Complete 8 Multi Protection Anti Bakteri 150G Free Lock&Lock,Pasta Gigi,Rp380.200,Rp129.600,66%,www.tokopedia.com
Vixal Pembersih Porselen Kamar Mandi Ekstra Kuat 780Ml Free Kompor Lis,Pembersih Toilet,Rp473.900,Rp176.600,63%,www.tokopedia.com
Lifebuoy Shampoo Strong & Shiny 70+21Ml,Shampoo,Rp17.900,Rp11.300,37%,www.tokopedia.com
Pepsodent Action 123 Toothpaste Pasta Gigi Herbal 190G Free Cannister,Sikat Gigi,Rp69.800,Rp36.000,48%,www.tokopedia.com
Rinso Molto Deterjen Cair Rose Fresh 1L,Deterjen Laundry,Rp38.500,Rp30.700,20%,www.tokopedia.com
Love Beauty And Planet Shampoo Blooming Colour 900ml,Shampoo,Rp214.300,Rp186.200,13%,www.tokopedia.com
Love Beauty And Planet Shampoo Volume And Bounty 900ml,Shampoo,Rp214.300,Rp186.200,13%,www.tokopedia.com
Pears Pure & Gentle Body Wash With Mint Extract 500ml,Sabun Mandi,Rp122.900,Rp88.000,28%,www.tokopedia.com
Pears Pure & Gentle Body Wash Original 500ml,Sabun Mandi,Rp122.900,Rp88.000,28%,www.tokopedia.com
Pears Pure & Gentle Body Wash With Lemon Flower Extract 250ml,Sabun Mandi,Rp65.900,Rp47.500,28%,www.tokopedia.com
Pears Pure & Gentle Body Wash With Mint Extract 250ml,Sabun Mandi,Rp65.900,Rp47.500,28%,www.tokopedia.com
Dove Body Wash Deeply Nourish Refill 825ml Free Deeply Nourish 85ml,Sabun Mandi,Rp114.200,Rp49.400,57%,www.tokopedia.com
Zwitsal 2 In 1 Sabun Shampo Bayi Aloe Vera 450Ml Free Baby Bather,Sabun Mandi,Rp296.700,Rp296.700,N/A,www.tokopedia.com
Rinso Matic Professional Deterjen Laundry Bubuk 900g BUY 10 GET 1,Deterjen Laundry,Rp271.300,Rp219.100,19%,www.tokopedia.com
Paket Perlindungan Maksimal,Deterjen Laundry,Rp103.800,Rp103.800,N/A,www.tokopedia.com
Paket Dapur Bersih Maksimal,Deterjen Laundry,Rp166.700,Rp166.700,N/A,www.tokopedia.com
Wipol Professional Pembersih Lantai Karbol Cemara 1.6 L BUY 4 GET 1,Karbol,Rp230.800,Rp167.300,28%,www.tokopedia.com
Closeup White Attraction Acai Berry Pasta Gigi 100G Free Dove shampoo,Pasta Gigi,Rp68.300,Rp38.700,43%,www.tokopedia.com
Pepsodent Toothbrush Expert Clean 3Pc Free Sikat gigi medium,Sikat Gigi,Rp37.900,Rp20.300,46%,www.tokopedia.com
Pepsodent Sensitive Mineral Expert 105G Free Enamel 100g,Pasta Gigi,Rp100.050,Rp43.600,56%,www.tokopedia.com
Pepsodent Action 123 pasta gigi siwak 190G Free Cannister,Pasta Gigi,Rp63.800,Rp32.400,49%,www.tokopedia.com
Vaseline Lotion Healty Bright Uv Lightening 400Ml Free Kipas Portable,Body Lotion,Rp146.900,Rp146.900,N/A,www.tokopedia.com
[KESEMPATAN MENANG] Mystery Box CIF 14,Contact Cleaner,Rp65.000,Rp65.000,N/A,www.tokopedia.com
[KESEMPATAN MENANG] Mystery Box CIF 13,Contact Cleaner,Rp65.000,Rp65.000,N/A,www.tokopedia.com
CIF Multipurpose Wipes Citrus Fresh 60s Free CIF Spray,Contact Cleaner,Rp127.900,Rp127.900,N/A,www.tokopedia.com
CIF Total Finish Limescale Anti Kerak Kapur + Kamar Mandi Free CIF Spr,Pembersih Toilet,Rp189.800,Rp189.800,N/A,www.tokopedia.com
CIF Antibac Multipurpose Disinfectant Spray 700ml Free CIF Spray,Contact Cleaner,Rp133.900,Rp133.900,N/A,www.tokopedia.com
CIF Total Finish Stainless Steel Spray+Mould Stain Free CIF Spray,Contact Cleaner,Rp190.800,Rp190.800,N/A,www.tokopedia.com
[KESEMPATAN MENANG] Mystery Box Baby Dove Get Anelllo Diaper Bag,Cream & Lotion Bayi,Rp185.900,Rp134.000,28%,www.tokopedia.com
Baby Dove Sensitive Moisture Hair to Toe & Lotion Bundle Free Lock n L,Cream & Lotion Bayi,Rp356.800,Rp221.000,38%,www.tokopedia.com
Baby Dove Rich Moisture Hair to Toe & Lotion Bundle Free Lock n Lock,Cream & Lotion Bayi,Rp320.800,Rp195.000,39%,www.tokopedia.com
Paket Lux Hand Wash + Body Mist Freesia & Tea,Sabun Cuci Tangan,Rp160.700,Rp96.500,40%,www.tokopedia.com
Molto Perfume Beads Luxury Perfume 200g Free Vacum Cleaner,Pewangi Pelembut Pakaian,Rp432.200,Rp432.200,N/A,www.tokopedia.com
Close Up Pasta Gigi Gel Green Gaga 65G Free Mangkok,Pasta Gigi,Rp39.400,Rp27.000,31%,www.tokopedia.com
Dove Micellar Shampoo Hair Boost Nourishment 430ml Free Wetbrush,Shampoo,Rp341.100,Rp341.100,N/A,www.tokopedia.com
Clear Shampoo Ice Cool Menthol 300Ml Free Baseus Earbuds,Shampoo,Rp394.700,Rp394.700,N/A,www.tokopedia.com
Lux Botanicals Bodywash Sakura Bloom Refill 850Ml Free Body Scrubber,Sabun Mandi,Rp76.400,Rp42.900,44%,www.tokopedia.com
Buavita Guava 1L Free Lock & Lock Botol,Jus,Rp135.800,Rp135.800,N/A,www.tokopedia.com
Closeup Pasta Gigi Mentol Fresh 160G Free Dispenser Pasta Gigi,Pasta Gigi,Rp98.000,Rp73.500,25%,www.tokopedia.com
Tresemme Keratin Smooth Shampoo 670Ml Free Philips Hair Dryer,Shampoo,Rp417.400,Rp417.400,N/A,www.tokopedia.com
Sariwangi Teh Hitam Kurma Madu 50 Kantung Celup Free Teko Listrik,Teh,Rp164.400,Rp164.400,N/A,www.tokopedia.com
Clear Anti Ketombe Complete Soft Care 300Ml Free Baskom Lipat,Shampoo,Rp77.700,Rp51.800,33%,www.tokopedia.com
Paket CIF Disinfectant Spray & Wipes Free CIF Cream Original,Contact Cleaner,Rp131.800,Rp131.800,N/A,www.tokopedia.com
Paket CIF Cream Lemon & Pembersih Dapur Free CIF Wipes,Contact Cleaner,Rp113.800,Rp113.800,N/A,www.tokopedia.com
Paket CIF Cream Original & Pembersih Kamar Mandi Free CIF Wipes,Contact Cleaner,Rp113.800,Rp113.800,N/A,www.tokopedia.com
Paket CIF Disinfectant Spray & Wipes Free CIF Spray,Contact Cleaner,Rp140.800,Rp140.800,N/A,www.tokopedia.com
Pepsodent Mouthwash Herbal Natural 150Ml,Obat kumur dan spray mulut,Rp25.900,Rp16.100,38%,www.tokopedia.com
Zwitsal Eau De Toilette Body Mist 100Ml Free Frisian Flag Sample,Parfum & Cologne Anak-Anak,Rp73.800,Rp73.800,N/A,www.tokopedia.com
Horlicks 3in1 Original 280g Minuman Malt Pouch Free Hero Jam Classic,Oat,Rp211.800,Rp211.800,N/A,www.tokopedia.com
Paket Lengkap CIF Total Finish Free CIF Cream Original,Contact Cleaner,Rp247.600,Rp247.600,N/A,www.tokopedia.com
Bango Kecap Manis Kemasan Pouch Refill 520Ml Free Lock&Lock Knife Set,Kecap,Rp304.500,Rp304.500,N/A,www.tokopedia.com
Sariwangi Teh Celup Tea Bag Asli 30Pc Free Botol Minum,Teh,Rp48.600,Rp48.600,N/A,www.tokopedia.com
[KESEMPATAN MENANG] Mystery Box Sunlight 4,Sabun Cuci Piring,Rp44.700,Rp25.900,42%,www.tokopedia.com
Sunlight Extra Higienis Sabun Cuci Piring 700ml Free Botol Minum,Sabun Cuci Piring,Rp90.800,Rp90.800,N/A,www.tokopedia.com
Sunlight Sabun Cuci Piring Mint Refill 700Ml Free Botol Minum,Sabun Cuci Piring,Rp77.800,Rp77.800,N/A,www.tokopedia.com
Sunlight On The Go Disinfectant Spray Free Botol Minum,Contact Cleaner,Rp84.600,Rp84.600,N/A,www.tokopedia.com
[KESEMPATAN MENANG] Mystery Box Molto 4,Pewangi Pelembut Pakaian,Rp1.250.000,Rp21.800,98%,www.tokopedia.com
Sunlight Sabun Cuci Piring Korean Strawberry 560ml Free Botol Minum,Sabun Cuci Piring,Rp70.000,Rp38.900,44%,www.tokopedia.com
Zwitsal Natural Hair Lotion Sweet Almond Oil&Vit E 100ml Free Teether,Baby Oil,Rp51.900,Rp25.400,51%,www.tokopedia.com
Sunlight Sabun Cuci Piring Habbatussauda 700Ml Free Teflon Maxim,Sabun Cuci Piring,Rp221.600,Rp221.600,N/A,www.tokopedia.com
Zwitsal Baby Bottle Cleaner 750 Ml Free Bottle Warmer,Sterilizer & Warmer,Rp449.500,Rp449.500,N/A,www.tokopedia.com
Vixal Pembersih Porselen Ekstra Kuat 780Ml Free Sikat Toilet,Pembersih Toilet,Rp89.800,Rp89.800,N/A,www.tokopedia.com
Wipol Karbol Probiotic Citrus Fresh 450ml Free Kain Lap Microfiber,Karbol,Rp32.800,Rp32.800,N/A,www.tokopedia.com
Wipol Karbol Probiotic Citrus Fresh 450ml Free Sikat Lantai,Karbol,Rp30.800,Rp30.800,N/A,www.tokopedia.com
Lifebuoy 3-in-1 Body Wash Shampoo Handwash 300ml Free Storage Box,Sabun Cuci Tangan,Rp81.900,Rp35.500,57%,www.tokopedia.com
Paket Zwitsal Body Bath 250Ml & Hair Shampoo Clean & Fresh Free Minyak,Shampoo & Sabun Bayi,Rp73.800,Rp73.800,N/A,www.tokopedia.com
Sunlight Sabun Cuci Piring Korean Strawberry 560ml Free Lock n Lock,Sabun Cuci Piring,Rp50.000,Rp50.000,N/A,www.tokopedia.com
Superpell Pembersih Lantai Korean Strawberry 770ml Free Lock&Lock Set,Pembersih Toilet,Rp331.000,Rp331.000,N/A,www.tokopedia.com
Rinso Molto Deterjen Cair Korean Strawberry 565ml Free Lint Remover,Deterjen Laundry,Rp252.400,Rp252.400,N/A,www.tokopedia.com
Sunlight Sabun Cuci Piring Korean Strawberry 560ml Free Blender,Sabun Cuci Piring,Rp219.000,Rp219.000,N/A,www.tokopedia.com
Molto Perfume Boost Korean Strawberry 680ml Free Alat Makan Korea,Pewangi Pelembut Pakaian,Rp134.700,Rp134.700,N/A,www.tokopedia.com
Rinso Molto Deterjen Korean Strawberry 700g Free Alat Makan Korea,Deterjen Laundry,Rp127.000,Rp127.000,N/A,www.tokopedia.com
Sunlight Sabun Cuci Habbatussauda Refill 755Ml Free Panci Listrik,Sabun Cuci Piring,Rp221.600,Rp221.600,N/A,www.tokopedia.com
Royco Bumbu Kaldu Ayam Special 170 g Free Hand Mixer,Kaldu & Penyedap Rasa,Rp254.500,Rp254.500,N/A,www.tokopedia.com
Rinso Molto Deterjen Bubuk Korean Strawberry Powder 700g Free Sikat,Deterjen Laundry,Rp70.700,Rp34.900,51%,www.tokopedia.com
Sunlight Sabun Cuci Piring Korean Strawberry 560ml Free Spons,Sabun Cuci Piring,Rp37.000,Rp37.000,N/A,www.tokopedia.com
Molto Perfume Boost Korean Strawberry 680ml Free Tas Belanja,Pewangi Pelembut Pakaian,Rp111.200,Rp111.200,N/A,www.tokopedia.com
Sunlight Sabun Cuci Piring Korean Strawberry 560ml Free Tempat Sendok,Sabun Cuci Piring,Rp73.500,Rp51.800,30%,www.tokopedia.com
Sunlight Sabun Cuci Piring Habbatussauda Refill 755Ml Free Kopi,Sabun Cuci Piring,Rp79.800,Rp79.800,N/A,www.tokopedia.com
Royco Bumbu Kaldu Ayam Special 170g Free Kopi,Kaldu & Penyedap Rasa,Rp100.700,Rp100.700,N/A,www.tokopedia.com
Royco Bumbu Penyedap Makanan Rasa Kaldu Sapi 230G Free Kopi,Kaldu & Penyedap Rasa,Rp88.500,Rp47.600,46%,www.tokopedia.com
Molto Perfume Boost Korean Strawberry 680ml Free Botol Minum,Pewangi Pelembut Pakaian,Rp74.000,Rp43.500,41%,www.tokopedia.com
Sunlight Sabun Cuci Piring Jeruk Nipis Refill 560ml,Sabun Cuci Piring,Rp15.000,Rp12.000,20%,www.tokopedia.com
Pepsodent Action 123 Pasta Gigi Herbal 190G Free Dispenser Pasta Gigi,Pasta Gigi,Rp169.500,Rp169.500,N/A,www.tokopedia.com
Sunsilk Shampoo Soft & Smooth 900ml Free Lock n Lock,Shampoo,Rp135.200,Rp135.200,N/A,www.tokopedia.com
Sunsilk Shampoo Black Shine 900ml Free Lock n Lock,Shampoo,Rp135.200,Rp135.200,N/A,www.tokopedia.com
Pepsodent Compelete 8 Siwak Habbatussauda Halal 110G Multipack,Pasta Gigi,Rp53.700,Rp33.400,38%,www.tokopedia.com
Sunsilk Super Shampoo Bye Bye Rontok 300Ml Free Youvit Beauti+,Shampoo,Rp69.600,Rp69.600,N/A,www.tokopedia.com
Pepsodent Compelete 8 Siwak Habbatussauda Halal 110G Twinpack,Pasta Gigi,Rp35.800,Rp22.300,38%,www.tokopedia.com
Jawara Saus Extra Hot Pouch 250Ml Free Toples,Aneka Sambal,Rp72.700,Rp72.700,N/A,www.tokopedia.com
Pepsodent Complete 8 Pasta Gigi Siwak Habbatussauda Halal 190G,Pasta Gigi,Rp26.900,Rp18.600,31%,www.tokopedia.com
Pepsodent Complete 8 Pasta Gigi Siwak Habbatussauda Halal 190G x2,Pasta Gigi,Rp53.800,Rp36.600,32%,www.tokopedia.com
Dove Women Antiperspirant Aeorosol Go Fresh Pear & Aloe Vera 150ml,Deodorant,Rp75.900,Rp54.500,28%,www.tokopedia.com
[KESEMPATAN MENANG] Mystery Box CIF 12,Sabun Cuci Piring,Rp34.900,Rp34.900,N/A,www.tokopedia.com
Lifebuoy Sabun Cuci Tangan Total 10 Refill 180Ml Free Hand Sanitizer,Sabun Cuci Tangan,Rp31.900,Rp31.900,N/A,www.tokopedia.com
Axe Men Deodorant Body Spray Dark Temptation 135ml Free Parfum Saku,Deodorant,Rp64.900,Rp64.900,N/A,www.tokopedia.com
Axe Hairstyling Ice Chill Pomade 75g Free Parfum Saku,Hair Wax & Pomade,Rp67.900,Rp67.900,N/A,www.tokopedia.com
Bango Kecap Manis Kemasan Pouch Refill 520Ml Free Mangkok,Kecap,Rp35.900,Rp35.900,N/A,www.tokopedia.com
Pepsodent Action 123 Pasta Gigi Whitening 190G Free Axe Parfum Saku,Pasta Gigi,Rp43.900,Rp43.900,N/A,www.tokopedia.com
Pepsodent Action 123 Pasta Gigi Herbal 190G Free Axe Parfum Saku,Pasta Gigi,Rp39.900,Rp39.900,N/A,www.tokopedia.com
Bango Kecap Manis Hitam Gurih 550ML Free Piring Saus,Kecap,Rp35.900,Rp35.900,N/A,www.tokopedia.com
[KESEMPATAN MENANG] Mystery Box CIF 11,Contact Cleaner,Rp54.900,Rp54.900,N/A,www.tokopedia.com
[KESEMPATAN MENANG] Mystery Box Lifebuoy Body Wash Total 10 850ml,Sabun Mandi,Rp78.900,Rp78.900,N/A,www.tokopedia.com
Royco Bumbu Rasa Kaldu Ayam 230G Free Hellmans Mayonnaise 100ml,Kaldu & Penyedap Rasa,Rp72.100,Rp72.100,N/A,www.tokopedia.com
[KESEMPATAN MENANG] Mystery Box Rinso Gentle 700ml,Deterjen Laundry,Rp44.900,Rp44.900,N/A,www.tokopedia.com
[KESEMPATAN MENANG] Mystery Box Superpell Baby Lavender 770ml,Pembersih Toilet,Rp23.900,Rp23.900,N/A,www.tokopedia.com
[KESEMPATAN MENANG] Mystery Box Zwitsal Bottle Cleaner 750ml,Sterilizer & Warmer,Rp61.900,Rp61.900,N/A,www.tokopedia.com
[KESEMPATAN MENANG] Mystery Box Pepsodent Active Defense 300ml,Pasta Gigi,Rp50.900,Rp50.900,N/A,www.tokopedia.com
[KESEMPATAN MENANG] Mystery Box Sunlight On The Go,Sabun Cuci Piring,Rp17.900,Rp17.900,N/A,www.tokopedia.com
Royco Bumbu Siap Pakai Ayam Saus Telur Asin 22G Free Rak Cuci Piring,Bumbu Masak Instan,Rp101.300,Rp101.300,N/A,www.tokopedia.com
Dove Special Beauty Package Free Lock n Lock Bottle,Sabun Mandi,Rp207.900,Rp207.900,N/A,www.tokopedia.com
Dove Special Simple Package Free Lock n Lock Container,Sabun Mandi,Rp167.900,Rp167.900,N/A,www.tokopedia.com
Ponds Bright Beauty Triple Glow Serum 30 g Free Jacquelle BrushSet,Serum Wajah,Rp292.200,Rp292.200,N/A,www.tokopedia.com
Closeup White Attraction Acai Berry 100 G Free Dispenser Odol,Pasta Gigi,Rp54.300,Rp54.300,N/A,www.tokopedia.com
Buavita Juice Jambu Guava 1000Ml Free Cooler Bag,Jus,Rp49.900,Rp49.900,N/A,www.tokopedia.com
Jawara Saus Extra Hot Pouch 250Ml Free Spatula Feb,Saus & Dressing,Rp84.700,Rp84.700,N/A,www.tokopedia.com
Lux Hijab Series Olive Honey Body Wash 400ml,Sabun Mandi,Rp34.400,Rp26.900,22%,www.tokopedia.com
Suave Kids 3 in 1 Shampoo Conditioner Body Wash Silly Apple 532ml,Shampoo & Sabun Bayi,Rp134.900,Rp97.000,28%,www.tokopedia.com
Molto Pelembut dan Pewangi All in One Blue Morning Fresh 1L,Pewangi Pelembut Pakaian,Rp42.600,Rp37.400,12%,www.tokopedia.com
Suave Kids 3in1 Shampoo Conditioner Body Wash Watermelon Wonder 532ml,Shampoo & Sabun Bayi,Rp134.900,Rp134.900,N/A,www.tokopedia.com
[KESEMPATAN MENANG] Mystery Box Citra 2,Krim Wajah,Rp82.800,Rp82.800,N/A,www.tokopedia.com
[KESEMPATAN MENANG] Mystery Box Citra 3,Krim Wajah,Rp90.800,Rp90.800,N/A,www.tokopedia.com
MOLTO PERFUME BEADS LUXURY PERFUME PURPLE 200G Free Griller,Pewangi Pelembut Pakaian,Rp416.700,Rp416.700,N/A,www.tokopedia.com
MOLTO PERFUME BEADS LUXURY PERFUME PURPLE 200G Free Setrika Mini,Pewangi Pelembut Pakaian,Rp211.100,Rp211.100,N/A,www.tokopedia.com
Sunsilk Shampoo Soft & Smooth 160Ml Free Sisir,Shampoo,Rp38.900,Rp38.900,N/A,www.tokopedia.com
Pepsodent Action 123 Pasta Gigi Cengkeh 160G Free Sariwangi 25s,Pasta Gigi,Rp39.900,Rp39.900,N/A,www.tokopedia.com
Pepsodent Pasta Gigi Complete 8 Multi Protection 150G Free Cannister,Pasta Gigi,Rp63.800,Rp63.800,N/A,www.tokopedia.com
Pepsodent Action 123 Whitening 190G Free Rexona Dry Serum Fresh Sakura,Deodorant,Rp89.800,Rp89.800,N/A,www.tokopedia.com
Tresemme Shampoo Keratin Smooth 850Ml Free Conditioner 170ml,Shampoo,Rp151.700,Rp110.400,27%,www.tokopedia.com
Vaseline Gluta Lotion Flawless Bright 200Ml Free Scented Candle,Body Lotion,Rp143.300,Rp143.300,N/A,www.tokopedia.com
Rexona Deodorant Roll-On Dreamy White 40Ml Free Vaseline Lip Care,Body Lotion,Rp66.500,Rp66.500,N/A,www.tokopedia.com
Vaseline Gluta Lotion Dewy Radiance 200Ml Free Sandal,Body Lotion,Rp71.700,Rp71.700,N/A,www.tokopedia.com
Dove Hyaluron Serum Conditioner Restoring & Nourishing 450ml,Conditioner,Rp123.400,Rp96.700,22%,www.tokopedia.com
Clear Shampoo Complete Soft Care 660ml Free Gym Bag Reebok,Shampoo,Rp309.200,Rp309.200,N/A,www.tokopedia.com
Paket Zwitsal Bottle Cleaner & Fabric Detergent Free Car Seat,Shampoo & Sabun Bayi,Rp375.600,Rp375.600,N/A,www.tokopedia.com
Ponds Men Acno Striker Facial Scrub 100G Free Lego Spiderman,Scrub Wajah,Rp218.700,Rp218.700,N/A,www.tokopedia.com
Vaseline Healthy Bright Body Serum Firm Glow 180Ml Free Floaties,Body Lotion,Rp320.700,Rp320.700,N/A,www.tokopedia.com
[KESEMPATAN MENANG] Mystery Box Unilever 20,Hampers,Rp41.900,Rp41.900,N/A,www.tokopedia.com
[KESEMPATAN MENANG] Mystery Box Unilever 18,Hampers,Rp80.900,Rp80.900,N/A,www.tokopedia.com
[KESEMPATAN MENANG] Mystery Box Unilever 22,Hampers,Rp75.900,Rp75.900,N/A,www.tokopedia.com
[KESEMPATAN MENANG] Mystery Box Unilever 21,Hampers,Rp71.900,Rp71.900,N/A,www.tokopedia.com
[KESEMPATAN MENANG] Mystery Box Unilever 19,Hampers,Rp40.900,Rp25.300,38%,www.tokopedia.com
[KESEMPATAN MENANG] Mystery Box Zwitsal Fabric Detergent 3,Deterjen Laundry,Rp41.900,Rp41.900,N/A,www.tokopedia.com
[KESEMPATAN MENANG] Mystery Box Zwitsal Bottle Cleaner 4,Sterilizer & Warmer,Rp52.900,Rp52.900,N/A,www.tokopedia.com
[KESEMPATAN MENANG] Mystery Box Zwitsal Fabric Detergent 4,Deterjen Laundry,Rp41.900,Rp41.900,N/A,www.tokopedia.com
[KESEMPATAN MENANG] Mystery Box Zwitsal Bottle Cleaner 3,Sterilizer & Warmer,Rp52.900,Rp52.900,N/A,www.tokopedia.com
[KESEMPATAN MENANG] Mystery Box Zwitsal Bottle Cleaner 2,Sterilizer & Warmer,Rp52.900,Rp52.900,N/A,www.tokopedia.com
[KESEMPATAN MENANG] Mystery Box Zwitsal Fabric Detergent 2,Deterjen Laundry,Rp41.900,Rp41.900,N/A,www.tokopedia.com
[KESEMPATAN MENANG] Mystery Box Zwitsal Bottle Cleaner 1,Sterilizer & Warmer,Rp52.900,Rp52.900,N/A,www.tokopedia.com
[KESEMPATAN MENANG] Mystery Box Zwitsal Fabric Detergent 1,Deterjen Laundry,Rp41.900,Rp41.900,N/A,www.tokopedia.com
[KESEMPATAN MENANG] Mystery Box Unilever X Grosmimi,Pewangi Pelembut Pakaian,Rp34.900,Rp34.900,N/A,www.tokopedia.com
Rexona Deodorant Roll Adv Whitening + Anti Noda 45 Ml Free Lock N Lock,Deodorant,Rp61.100,Rp61.100,N/A,www.tokopedia.com
Simple Facial Wash Toner Soothing 200ml,Toner Wajah,Rp110.900,Rp87.000,22%,www.tokopedia.com
[KESEMPATAN MENANG] Mystery Box Molto Anti Kusut 4,Pewangi Pelembut Pakaian,Rp27.900,Rp27.900,N/A,www.tokopedia.com
[KESEMPATAN MENANG] Mystery Box Molto Anti Kusut 3,Pewangi Pelembut Pakaian,Rp27.900,Rp27.900,N/A,www.tokopedia.com
Molto Anti Kusut Spray Velvet Bloom Pouch 720Ml Twinpack Free 1pcs,Pewangi Pelembut Pakaian,Rp64.100,Rp64.100,N/A,www.tokopedia.com
Molto Anti Kusut Spray Velvet Bloom 100Ml Twinpack Free 1pcs,Pewangi Pelembut Pakaian,Rp81.100,Rp81.100,N/A,www.tokopedia.com
Vaseline Repairing Foot Mask with Vaseline Jelly & Niacinamide,Penghilang Bekas Luka,Rp42.100,Rp33.100,21%,www.tokopedia.com
Citra Hand Body Lotion Bengkoang Natural Glow 250ml,Body Lotion,Rp28.600,Rp28.600,N/A,www.tokopedia.com
Tresemme Keratin Smooth Package Shampoo & Conditioner Special Price,Conditioner,Rp236.300,Rp104.500,56%,www.tokopedia.com
Dove Shampoo & Conditioner Perawatan Rambut Rontok Special Price,Shampoo,Rp215.100,Rp215.100,N/A,www.tokopedia.com
Axe Deodorant Bodyspray Apollo 135Ml,Deodorant,Rp54.900,Rp37.600,32%,www.tokopedia.com
MOLTO ANTI KUSUT Velvet Bloom Spray 100mL Free Magic Hanger,Pewangi Pelembut Pakaian,Rp30.600,Rp30.600,N/A,www.tokopedia.com
Sariwangi Teh Mawar Celup Isi 25 Free Alat Pijat Kepala,Teh,Rp31.700,Rp31.700,N/A,www.tokopedia.com
Bango Kecap Manis Pouch Flatpack 210Ml Free Klip Penutup Makanan,Kecap,Rp18.600,Rp18.600,N/A,www.tokopedia.com
Buavita Jus Kemasan Rasa Buah Asli Guava 1000Ml Free Botol Minum,Jus,Rp139.700,Rp139.700,N/A,www.tokopedia.com
Sariwangi Teh Celup Tea Bag Asli 50Pc Free Teapot,Teh,Rp129.400,Rp129.400,N/A,www.tokopedia.com
Bango Kecap Manis Kemasan Pouch Refill 550Ml Free Panci Teflon,Kecap,Rp173.600,Rp173.600,N/A,www.tokopedia.com
Royco Saus Tiram 275ml Free Botol Minyak,Saus & Dressing,Rp122.100,Rp122.100,N/A,www.tokopedia.com
Royco Saus Tiram 275ml Free Talenan Lipat Multifungsi,Saus & Dressing,Rp123.600,Rp123.600,N/A,www.tokopedia.com
Royco Saus Tiram 275ml Free Blender Mini,Saus & Dressing,Rp91.700,Rp91.700,N/A,www.tokopedia.com
Pepsodent Kids Pasta Gigi&Sikat Gigi Spongebob 50G Free Flash Card,Pasta Gigi,Rp47.550,Rp47.550,N/A,www.tokopedia.com
Vaseline Lip Care Original & Rosy 10g Free Vaseline Soft Glow Serum,Lip Balm & Oil,Rp90.900,Rp90.900,N/A,www.tokopedia.com
Vaseline Hypoallergenic Repairing Jelly Baby 50Ml Free Body Serum,Penghilang Bekas Luka,Rp109.000,Rp109.000,N/A,www.tokopedia.com
Zwitsal Bottle Cleaner 750ml Free Baby Bath & Hair Lotion,Shampoo & Sabun Bayi,Rp179.050,Rp179.050,N/A,www.tokopedia.com
Zwitsal Bottle Cleaner 750ml Free Baby Wipes Tissue Basah,Kapas & Tissue Bayi,Rp175.700,Rp175.700,N/A,www.tokopedia.com
Zwitsal Bottle Cleaner 750ml Free Sunlight Sabun Cuci Piring,Sabun Cuci Piring,Rp56.900,Rp56.900,N/A,www.tokopedia.com
Pepsodent Action 123 Pasta Gigi Herbal 190G Free Pepsodent Mouthwash,Pasta Gigi,Rp56.900,Rp56.900,N/A,www.tokopedia.com
St.Ives Revitalizing Sheet Mask 230Ml Multipack,Masker Wajah,Rp293.400,Rp293.400,N/A,www.tokopedia.com
St. Ives Face Acne Control Apricot Scrub 170g,Scrub Wajah,Rp101.900,Rp73.300,28%,www.tokopedia.com
Sunsilk Hijab Shampoo Strong Anti Hairfall 320ml free Pouch Batik,Shampoo,Rp55.300,Rp55.300,N/A,www.tokopedia.com
Lux Sabun Mandi Cair Refill Sakura Bloom 450Ml Free Kopi,Sabun Mandi,Rp80.900,Rp48.500,40%,www.tokopedia.com
Love Beauty And Planet Body Wash Majestic Glow 900ml Free Body Lotion,Sabun Mandi,Rp222.400,Rp222.400,N/A,www.tokopedia.com
Lifebuoy Wet Wipes Anti Bacterial Tisu Basah Anti Bakteri 48 lembar,Kapas & Tissue Bayi,Rp38.900,Rp35.000,10%,www.tokopedia.com
Lifebuoy Wet Wipes Anti Bacterial Tisu Basah Anti Bakteri 10 lembar,Kapas & Tissue Bayi,Rp13.900,Rp13.500,3%,www.tokopedia.com
Paket Superpell Fuji Sakura 700ml & Vixal Ekstra Kuat 780ml,Pembersih Toilet,Rp43.800,Rp43.800,N/A,www.tokopedia.com
Lifebuoy Wet Wipes Anti Bacterial 10 lembar Isi 5,Kapas & Tissue Bayi,Rp69.400,Rp67.500,3%,www.tokopedia.com
Lifebuoy Wet Wipes Anti Bacterial 48 lembar Isi 2,Kapas & Tissue Bayi,Rp77.800,Rp70.000,10%,www.tokopedia.com
Lifebuoy Wet Wipes Anti Bacterial 48 lembar Isi 4,Kapas & Tissue Bayi,Rp155.600,Rp140.000,10%,www.tokopedia.com
Paket Axe Parfum Saku Dark Temptation 17ml& Ponds Men Moisturizer 20ml,Parfum & Cologne Unisex,Rp93.600,Rp93.600,N/A,www.tokopedia.com
Paket Bango Kecap Manis 135Ml & Jawara Saus Extra Hot Pouch 250ml,Kecap,Rp69.600,Rp69.600,N/A,www.tokopedia.com
Lifebuoy Wet Wipes Anti Bacterial 10 lembar Isi 3,Kapas & Tissue Bayi,Rp41.700,Rp40.500,3%,www.tokopedia.com
